Copyright 1986-2022 Xilinx, Inc. All Rights Reserved. Copyright 2022-2024 Advanced Micro Devices, Inc. All Rights Reserved.
------------------------------------------------------------------------------------------------------------------------------------------------------------------------------------------------------------------------------------
| Tool Version : Vivado v.2024.2 (win64) Build 5239630 Fri Nov 08 22:35:27 MST 2024
| Date         : Wed Apr 23 19:44:04 2025
| Host         : SkunkWork running 64-bit major release  (build 9200)
| Command      : report_timing_summary -max_paths 10 -report_unconstrained -file tictactoe_top_timing_summary_routed.rpt -pb tictactoe_top_timing_summary_routed.pb -rpx tictactoe_top_timing_summary_routed.rpx -warn_on_violation
| Design       : tictactoe_top
| Device       : 7a100t-csg324
| Speed File   : -1  PRODUCTION 1.23 2018-06-13
| Design State : Routed
------------------------------------------------------------------------------------------------------------------------------------------------------------------------------------------------------------------------------------

Timing Summary Report

------------------------------------------------------------------------------------------------
| Timer Settings
| --------------
------------------------------------------------------------------------------------------------

  Enable Multi Corner Analysis               :  Yes
  Enable Pessimism Removal                   :  Yes
  Pessimism Removal Resolution               :  Nearest Common Node
  Enable Input Delay Default Clock           :  No
  Enable Preset / Clear Arcs                 :  No
  Disable Flight Delays                      :  No
  Ignore I/O Paths                           :  No
  Timing Early Launch at Borrowing Latches   :  No
  Borrow Time for Max Delay Exceptions       :  Yes
  Merge Timing Exceptions                    :  Yes
  Inter-SLR Compensation                     :  Conservative

  Corner  Analyze    Analyze    
  Name    Max Paths  Min Paths  
  ------  ---------  ---------  
  Slow    Yes        Yes        
  Fast    Yes        Yes        


------------------------------------------------------------------------------------------------
| Report Methodology
| ------------------
------------------------------------------------------------------------------------------------

Rule       Severity          Description                    Violations  
---------  ----------------  -----------------------------  ----------  
TIMING-17  Critical Warning  Non-clocked sequential cell    43          
LUTAR-1    Warning           LUT drives async reset alert   1           
TIMING-18  Warning           Missing input or output delay  32          

Note: This report is based on the most recent report_methodology run and may not be up-to-date. Run report_methodology on the current design for the latest report.



check_timing report

Table of Contents
-----------------
1. checking no_clock (43)
2. checking constant_clock (0)
3. checking pulse_width_clock (0)
4. checking unconstrained_internal_endpoints (93)
5. checking no_input_delay (5)
6. checking no_output_delay (29)
7. checking multiple_clock (0)
8. checking generated_clocks (0)
9. checking loops (0)
10. checking partial_input_delay (0)
11. checking partial_output_delay (0)
12. checking latch_loops (0)

1. checking no_clock (43)
-------------------------
 There are 21 register/latch pins with no clock driven by root clock pin: bc/game_clk_reg[19]/Q (HIGH)

 There are 21 register/latch pins with no clock driven by root clock pin: dc/clk25_reg/Q (HIGH)

 There is 1 register/latch pin with no clock driven by root clock pin: dc/pulse_reg/Q (HIGH)


2. checking constant_clock (0)
------------------------------
 There are 0 register/latch pins with constant_clock.


3. checking pulse_width_clock (0)
---------------------------------
 There are 0 register/latch pins which need pulse_width check


4. checking unconstrained_internal_endpoints (93)
-------------------------------------------------
 There are 93 pins that are not constrained for maximum delay. (HIGH)

 There are 0 pins that are not constrained for maximum delay due to constant clock.


5. checking no_input_delay (5)
------------------------------
 There are 5 input ports with no input delay specified. (HIGH)

 There are 0 input ports with no input delay but user has a false path constraint.


6. checking no_output_delay (29)
--------------------------------
 There are 29 ports with no output delay specified. (HIGH)

 There are 0 ports with no output delay but user has a false path constraint

 There are 0 ports with no output delay but with a timing clock defined on it or propagating through it


7. checking multiple_clock (0)
------------------------------
 There are 0 register/latch pins with multiple clocks.


8. checking generated_clocks (0)
--------------------------------
 There are 0 generated clocks that are not connected to a clock source.


9. checking loops (0)
---------------------
 There are 0 combinational loops in the design.


10. checking partial_input_delay (0)
------------------------------------
 There are 0 input ports with partial input delay specified.


11. checking partial_output_delay (0)
-------------------------------------
 There are 0 ports with partial output delay specified.


12. checking latch_loops (0)
----------------------------
 There are 0 combinational latch loops in the design through latch input



------------------------------------------------------------------------------------------------
| Design Timing Summary
| ---------------------
------------------------------------------------------------------------------------------------

    WNS(ns)      TNS(ns)  TNS Failing Endpoints  TNS Total Endpoints      WHS(ns)      THS(ns)  THS Failing Endpoints  THS Total Endpoints     WPWS(ns)     TPWS(ns)  TPWS Failing Endpoints  TPWS Total Endpoints  
    -------      -------  ---------------------  -------------------      -------      -------  ---------------------  -------------------     --------     --------  ----------------------  --------------------  
      2.616        0.000                      0                  293        0.117        0.000                      0                  293        4.500        0.000                       0                   276  


All user specified timing constraints are met.


------------------------------------------------------------------------------------------------
| Clock Summary
| -------------
------------------------------------------------------------------------------------------------

Clock    Waveform(ns)       Period(ns)      Frequency(MHz)
-----    ------------       ----------      --------------
ClkPort  {0.000 5.000}      10.000          100.000         


------------------------------------------------------------------------------------------------
| Intra Clock Table
| -----------------
------------------------------------------------------------------------------------------------

Clock             WNS(ns)      TNS(ns)  TNS Failing Endpoints  TNS Total Endpoints      WHS(ns)      THS(ns)  THS Failing Endpoints  THS Total Endpoints     WPWS(ns)     TPWS(ns)  TPWS Failing Endpoints  TPWS Total Endpoints  
-----             -------      -------  ---------------------  -------------------      -------      -------  ---------------------  -------------------     --------     --------  ----------------------  --------------------  
ClkPort             2.616        0.000                      0                  293        0.117        0.000                      0                  293        4.500        0.000                       0                   276  


------------------------------------------------------------------------------------------------
| Inter Clock Table
| -----------------
------------------------------------------------------------------------------------------------

From Clock    To Clock          WNS(ns)      TNS(ns)  TNS Failing Endpoints  TNS Total Endpoints      WHS(ns)      THS(ns)  THS Failing Endpoints  THS Total Endpoints  
----------    --------          -------      -------  ---------------------  -------------------      -------      -------  ---------------------  -------------------  


------------------------------------------------------------------------------------------------
| Other Path Groups Table
| -----------------------
------------------------------------------------------------------------------------------------

Path Group    From Clock    To Clock          WNS(ns)      TNS(ns)  TNS Failing Endpoints  TNS Total Endpoints      WHS(ns)      THS(ns)  THS Failing Endpoints  THS Total Endpoints  
----------    ----------    --------          -------      -------  ---------------------  -------------------      -------      -------  ---------------------  -------------------  


------------------------------------------------------------------------------------------------
| User Ignored Path Table
| -----------------------
------------------------------------------------------------------------------------------------

Path Group    From Clock    To Clock    
----------    ----------    --------    


------------------------------------------------------------------------------------------------
| Unconstrained Path Table
| ------------------------
------------------------------------------------------------------------------------------------

Path Group    From Clock    To Clock    
----------    ----------    --------    
(none)                                    
(none)        ClkPort                     
(none)                      ClkPort       


------------------------------------------------------------------------------------------------
| Timing Details
| --------------
------------------------------------------------------------------------------------------------


---------------------------------------------------------------------------------------------------
From Clock:  ClkPort
  To Clock:  ClkPort

Setup :            0  Failing Endpoints,  Worst Slack        2.616ns,  Total Violation        0.000ns
Hold  :            0  Failing Endpoints,  Worst Slack        0.117ns,  Total Violation        0.000ns
PW    :            0  Failing Endpoints,  Worst Slack        4.500ns,  Total Violation        0.000ns
---------------------------------------------------------------------------------------------------


Max Delay Paths
--------------------------------------------------------------------------------------
Slack (MET) :             2.616ns  (required time - arrival time)
  Source:                 <hidden>
                            (rising edge-triggered cell FDRE clocked by ClkPort  {rise@0.000ns fall@5.000ns period=10.000ns})
  Destination:            <hidden>
                            (rising edge-triggered cell FDRE clocked by ClkPort  {rise@0.000ns fall@5.000ns period=10.000ns})
  Path Group:             ClkPort
  Path Type:              Setup (Max at Slow Process Corner)
  Requirement:            10.000ns  (ClkPort rise@10.000ns - ClkPort rise@0.000ns)
  Data Path Delay:        7.439ns  (logic 0.766ns (10.297%)  route 6.673ns (89.703%))
  Logic Levels:           2  (LUT6=2)
  Clock Path Skew:        0.062ns (DCD - SCD + CPR)
    Destination Clock Delay (DCD):    5.095ns = ( 15.095 - 10.000 ) 
    Source Clock Delay      (SCD):    5.221ns
    Clock Pessimism Removal (CPR):    0.187ns
  Clock Uncertainty:      0.035ns  ((TSJ^2 + TIJ^2)^1/2 + DJ) / 2 + PE
    Total System Jitter     (TSJ):    0.071ns
    Total Input Jitter      (TIJ):    0.000ns
    Discrete Jitter          (DJ):    0.000ns
    Phase Error              (PE):    0.000ns

    Location             Delay type                Incr(ns)  Path(ns)    Netlist Resource(s)
  -------------------------------------------------------------------    -------------------
                         (clock ClkPort rise edge)    0.000     0.000 r  
    E3                                                0.000     0.000 r  ClkPort (IN)
                         net (fo=0)                   0.000     0.000    ClkPort
    E3                   IBUF (Prop_ibuf_I_O)         1.482     1.482 r  ClkPort_IBUF_inst/O
                         net (fo=1, routed)           2.025     3.506    ClkPort_IBUF
    BUFGCTRL_X0Y16       BUFG (Prop_bufg_I_O)         0.096     3.602 r  ClkPort_IBUF_BUFG_inst/O
                         net (fo=275, routed)         1.618     5.221    <hidden>
    SLICE_X56Y83         FDRE                                         r  <hidden>
  -------------------------------------------------------------------    -------------------
    SLICE_X56Y83         FDRE (Prop_fdre_C_Q)         0.518     5.739 r  <hidden>
                         net (fo=19, routed)          4.315    10.054    <hidden>
    SLICE_X8Y35          LUT6 (Prop_lut6_I2_O)        0.124    10.178 r  <hidden>
                         net (fo=1, routed)           2.358    12.536    <hidden>
    SLICE_X63Y38         LUT6 (Prop_lut6_I0_O)        0.124    12.660 r  <hidden>
                         net (fo=1, routed)           0.000    12.660    <hidden>
    SLICE_X63Y38         FDRE                                         r  <hidden>
  -------------------------------------------------------------------    -------------------

                         (clock ClkPort rise edge)   10.000    10.000 r  
    E3                                                0.000    10.000 r  ClkPort (IN)
                         net (fo=0)                   0.000    10.000    ClkPort
    E3                   IBUF (Prop_ibuf_I_O)         1.411    11.411 r  ClkPort_IBUF_inst/O
                         net (fo=1, routed)           1.920    13.331    ClkPort_IBUF
    BUFGCTRL_X0Y16       BUFG (Prop_bufg_I_O)         0.091    13.422 r  ClkPort_IBUF_BUFG_inst/O
                         net (fo=275, routed)         1.673    15.095    <hidden>
    SLICE_X63Y38         FDRE                                         r  <hidden>
                         clock pessimism              0.187    15.282    
                         clock uncertainty           -0.035    15.247    
    SLICE_X63Y38         FDRE (Setup_fdre_C_D)        0.029    15.276    <hidden>
  -------------------------------------------------------------------
                         required time                         15.276    
                         arrival time                         -12.660    
  -------------------------------------------------------------------
                         slack                                  2.616    

Slack (MET) :             2.792ns  (required time - arrival time)
  Source:                 <hidden>
                            (rising edge-triggered cell FDRE clocked by ClkPort  {rise@0.000ns fall@5.000ns period=10.000ns})
  Destination:            <hidden>
                            (rising edge-triggered cell FDRE clocked by ClkPort  {rise@0.000ns fall@5.000ns period=10.000ns})
  Path Group:             ClkPort
  Path Type:              Setup (Max at Slow Process Corner)
  Requirement:            10.000ns  (ClkPort rise@10.000ns - ClkPort rise@0.000ns)
  Data Path Delay:        7.314ns  (logic 0.766ns (10.473%)  route 6.548ns (89.527%))
  Logic Levels:           2  (LUT6=2)
  Clock Path Skew:        0.063ns (DCD - SCD + CPR)
    Destination Clock Delay (DCD):    5.096ns = ( 15.096 - 10.000 ) 
    Source Clock Delay      (SCD):    5.221ns
    Clock Pessimism Removal (CPR):    0.187ns
  Clock Uncertainty:      0.035ns  ((TSJ^2 + TIJ^2)^1/2 + DJ) / 2 + PE
    Total System Jitter     (TSJ):    0.071ns
    Total Input Jitter      (TIJ):    0.000ns
    Discrete Jitter          (DJ):    0.000ns
    Phase Error              (PE):    0.000ns

    Location             Delay type                Incr(ns)  Path(ns)    Netlist Resource(s)
  -------------------------------------------------------------------    -------------------
                         (clock ClkPort rise edge)    0.000     0.000 r  
    E3                                                0.000     0.000 r  ClkPort (IN)
                         net (fo=0)                   0.000     0.000    ClkPort
    E3                   IBUF (Prop_ibuf_I_O)         1.482     1.482 r  ClkPort_IBUF_inst/O
                         net (fo=1, routed)           2.025     3.506    ClkPort_IBUF
    BUFGCTRL_X0Y16       BUFG (Prop_bufg_I_O)         0.096     3.602 r  ClkPort_IBUF_BUFG_inst/O
                         net (fo=275, routed)         1.618     5.221    <hidden>
    SLICE_X56Y83         FDRE                                         r  <hidden>
  -------------------------------------------------------------------    -------------------
    SLICE_X56Y83         FDRE (Prop_fdre_C_Q)         0.518     5.739 r  <hidden>
                         net (fo=19, routed)          4.192     9.931    <hidden>
    SLICE_X8Y38          LUT6 (Prop_lut6_I2_O)        0.124    10.055 r  <hidden>
                         net (fo=1, routed)           2.356    12.410    <hidden>
    SLICE_X62Y39         LUT6 (Prop_lut6_I0_O)        0.124    12.534 r  <hidden>
                         net (fo=1, routed)           0.000    12.534    <hidden>
    SLICE_X62Y39         FDRE                                         r  <hidden>
  -------------------------------------------------------------------    -------------------

                         (clock ClkPort rise edge)   10.000    10.000 r  
    E3                                                0.000    10.000 r  ClkPort (IN)
                         net (fo=0)                   0.000    10.000    ClkPort
    E3                   IBUF (Prop_ibuf_I_O)         1.411    11.411 r  ClkPort_IBUF_inst/O
                         net (fo=1, routed)           1.920    13.331    ClkPort_IBUF
    BUFGCTRL_X0Y16       BUFG (Prop_bufg_I_O)         0.091    13.422 r  ClkPort_IBUF_BUFG_inst/O
                         net (fo=275, routed)         1.674    15.096    <hidden>
    SLICE_X62Y39         FDRE                                         r  <hidden>
                         clock pessimism              0.187    15.283    
                         clock uncertainty           -0.035    15.248    
    SLICE_X62Y39         FDRE (Setup_fdre_C_D)        0.079    15.327    <hidden>
  -------------------------------------------------------------------
                         required time                         15.327    
                         arrival time                         -12.534    
  -------------------------------------------------------------------
                         slack                                  2.792    

Slack (MET) :             2.914ns  (required time - arrival time)
  Source:                 <hidden>
                            (rising edge-triggered cell FDRE clocked by ClkPort  {rise@0.000ns fall@5.000ns period=10.000ns})
  Destination:            <hidden>
                            (rising edge-triggered cell FDRE clocked by ClkPort  {rise@0.000ns fall@5.000ns period=10.000ns})
  Path Group:             ClkPort
  Path Type:              Setup (Max at Slow Process Corner)
  Requirement:            10.000ns  (ClkPort rise@10.000ns - ClkPort rise@0.000ns)
  Data Path Delay:        7.143ns  (logic 0.766ns (10.723%)  route 6.377ns (89.277%))
  Logic Levels:           2  (LUT6=2)
  Clock Path Skew:        0.062ns (DCD - SCD + CPR)
    Destination Clock Delay (DCD):    5.095ns = ( 15.095 - 10.000 ) 
    Source Clock Delay      (SCD):    5.221ns
    Clock Pessimism Removal (CPR):    0.187ns
  Clock Uncertainty:      0.035ns  ((TSJ^2 + TIJ^2)^1/2 + DJ) / 2 + PE
    Total System Jitter     (TSJ):    0.071ns
    Total Input Jitter      (TIJ):    0.000ns
    Discrete Jitter          (DJ):    0.000ns
    Phase Error              (PE):    0.000ns

    Location             Delay type                Incr(ns)  Path(ns)    Netlist Resource(s)
  -------------------------------------------------------------------    -------------------
                         (clock ClkPort rise edge)    0.000     0.000 r  
    E3                                                0.000     0.000 r  ClkPort (IN)
                         net (fo=0)                   0.000     0.000    ClkPort
    E3                   IBUF (Prop_ibuf_I_O)         1.482     1.482 r  ClkPort_IBUF_inst/O
                         net (fo=1, routed)           2.025     3.506    ClkPort_IBUF
    BUFGCTRL_X0Y16       BUFG (Prop_bufg_I_O)         0.096     3.602 r  ClkPort_IBUF_BUFG_inst/O
                         net (fo=275, routed)         1.618     5.221    <hidden>
    SLICE_X56Y83         FDRE                                         r  <hidden>
  -------------------------------------------------------------------    -------------------
    SLICE_X56Y83         FDRE (Prop_fdre_C_Q)         0.518     5.739 r  <hidden>
                         net (fo=19, routed)          4.144     9.883    <hidden>
    SLICE_X8Y37          LUT6 (Prop_lut6_I2_O)        0.124    10.007 r  <hidden>
                         net (fo=1, routed)           2.233    12.240    <hidden>
    SLICE_X63Y38         LUT6 (Prop_lut6_I0_O)        0.124    12.364 r  <hidden>
                         net (fo=1, routed)           0.000    12.364    <hidden>
    SLICE_X63Y38         FDRE                                         r  <hidden>
  -------------------------------------------------------------------    -------------------

                         (clock ClkPort rise edge)   10.000    10.000 r  
    E3                                                0.000    10.000 r  ClkPort (IN)
                         net (fo=0)                   0.000    10.000    ClkPort
    E3                   IBUF (Prop_ibuf_I_O)         1.411    11.411 r  ClkPort_IBUF_inst/O
                         net (fo=1, routed)           1.920    13.331    ClkPort_IBUF
    BUFGCTRL_X0Y16       BUFG (Prop_bufg_I_O)         0.091    13.422 r  ClkPort_IBUF_BUFG_inst/O
                         net (fo=275, routed)         1.673    15.095    <hidden>
    SLICE_X63Y38         FDRE                                         r  <hidden>
                         clock pessimism              0.187    15.282    
                         clock uncertainty           -0.035    15.247    
    SLICE_X63Y38         FDRE (Setup_fdre_C_D)        0.031    15.278    <hidden>
  -------------------------------------------------------------------
                         required time                         15.278    
                         arrival time                         -12.364    
  -------------------------------------------------------------------
                         slack                                  2.914    

Slack (MET) :             2.961ns  (required time - arrival time)
  Source:                 <hidden>
                            (rising edge-triggered cell FDRE clocked by ClkPort  {rise@0.000ns fall@5.000ns period=10.000ns})
  Destination:            <hidden>
                            (rising edge-triggered cell FDRE clocked by ClkPort  {rise@0.000ns fall@5.000ns period=10.000ns})
  Path Group:             ClkPort
  Path Type:              Setup (Max at Slow Process Corner)
  Requirement:            10.000ns  (ClkPort rise@10.000ns - ClkPort rise@0.000ns)
  Data Path Delay:        7.097ns  (logic 0.766ns (10.793%)  route 6.331ns (89.207%))
  Logic Levels:           2  (LUT6=2)
  Clock Path Skew:        0.062ns (DCD - SCD + CPR)
    Destination Clock Delay (DCD):    5.095ns = ( 15.095 - 10.000 ) 
    Source Clock Delay      (SCD):    5.221ns
    Clock Pessimism Removal (CPR):    0.187ns
  Clock Uncertainty:      0.035ns  ((TSJ^2 + TIJ^2)^1/2 + DJ) / 2 + PE
    Total System Jitter     (TSJ):    0.071ns
    Total Input Jitter      (TIJ):    0.000ns
    Discrete Jitter          (DJ):    0.000ns
    Phase Error              (PE):    0.000ns

    Location             Delay type                Incr(ns)  Path(ns)    Netlist Resource(s)
  -------------------------------------------------------------------    -------------------
                         (clock ClkPort rise edge)    0.000     0.000 r  
    E3                                                0.000     0.000 r  ClkPort (IN)
                         net (fo=0)                   0.000     0.000    ClkPort
    E3                   IBUF (Prop_ibuf_I_O)         1.482     1.482 r  ClkPort_IBUF_inst/O
                         net (fo=1, routed)           2.025     3.506    ClkPort_IBUF
    BUFGCTRL_X0Y16       BUFG (Prop_bufg_I_O)         0.096     3.602 r  ClkPort_IBUF_BUFG_inst/O
                         net (fo=275, routed)         1.618     5.221    <hidden>
    SLICE_X56Y83         FDRE                                         r  <hidden>
  -------------------------------------------------------------------    -------------------
    SLICE_X56Y83         FDRE (Prop_fdre_C_Q)         0.518     5.739 r  <hidden>
                         net (fo=19, routed)          4.024     9.763    <hidden>
    SLICE_X8Y35          LUT6 (Prop_lut6_I2_O)        0.124     9.887 r  <hidden>
                         net (fo=1, routed)           2.307    12.194    <hidden>
    SLICE_X63Y38         LUT6 (Prop_lut6_I0_O)        0.124    12.318 r  <hidden>
                         net (fo=1, routed)           0.000    12.318    <hidden>
    SLICE_X63Y38         FDRE                                         r  <hidden>
  -------------------------------------------------------------------    -------------------

                         (clock ClkPort rise edge)   10.000    10.000 r  
    E3                                                0.000    10.000 r  ClkPort (IN)
                         net (fo=0)                   0.000    10.000    ClkPort
    E3                   IBUF (Prop_ibuf_I_O)         1.411    11.411 r  ClkPort_IBUF_inst/O
                         net (fo=1, routed)           1.920    13.331    ClkPort_IBUF
    BUFGCTRL_X0Y16       BUFG (Prop_bufg_I_O)         0.091    13.422 r  ClkPort_IBUF_BUFG_inst/O
                         net (fo=275, routed)         1.673    15.095    <hidden>
    SLICE_X63Y38         FDRE                                         r  <hidden>
                         clock pessimism              0.187    15.282    
                         clock uncertainty           -0.035    15.247    
    SLICE_X63Y38         FDRE (Setup_fdre_C_D)        0.032    15.279    <hidden>
  -------------------------------------------------------------------
                         required time                         15.279    
                         arrival time                         -12.318    
  -------------------------------------------------------------------
                         slack                                  2.961    

Slack (MET) :             2.971ns  (required time - arrival time)
  Source:                 <hidden>
                            (rising edge-triggered cell FDRE clocked by ClkPort  {rise@0.000ns fall@5.000ns period=10.000ns})
  Destination:            <hidden>
                            (rising edge-triggered cell FDRE clocked by ClkPort  {rise@0.000ns fall@5.000ns period=10.000ns})
  Path Group:             ClkPort
  Path Type:              Setup (Max at Slow Process Corner)
  Requirement:            10.000ns  (ClkPort rise@10.000ns - ClkPort rise@0.000ns)
  Data Path Delay:        7.132ns  (logic 0.766ns (10.740%)  route 6.366ns (89.260%))
  Logic Levels:           2  (LUT6=2)
  Clock Path Skew:        0.062ns (DCD - SCD + CPR)
    Destination Clock Delay (DCD):    5.095ns = ( 15.095 - 10.000 ) 
    Source Clock Delay      (SCD):    5.221ns
    Clock Pessimism Removal (CPR):    0.187ns
  Clock Uncertainty:      0.035ns  ((TSJ^2 + TIJ^2)^1/2 + DJ) / 2 + PE
    Total System Jitter     (TSJ):    0.071ns
    Total Input Jitter      (TIJ):    0.000ns
    Discrete Jitter          (DJ):    0.000ns
    Phase Error              (PE):    0.000ns

    Location             Delay type                Incr(ns)  Path(ns)    Netlist Resource(s)
  -------------------------------------------------------------------    -------------------
                         (clock ClkPort rise edge)    0.000     0.000 r  
    E3                                                0.000     0.000 r  ClkPort (IN)
                         net (fo=0)                   0.000     0.000    ClkPort
    E3                   IBUF (Prop_ibuf_I_O)         1.482     1.482 r  ClkPort_IBUF_inst/O
                         net (fo=1, routed)           2.025     3.506    ClkPort_IBUF
    BUFGCTRL_X0Y16       BUFG (Prop_bufg_I_O)         0.096     3.602 r  ClkPort_IBUF_BUFG_inst/O
                         net (fo=275, routed)         1.618     5.221    <hidden>
    SLICE_X56Y83         FDRE                                         r  <hidden>
  -------------------------------------------------------------------    -------------------
    SLICE_X56Y83         FDRE (Prop_fdre_C_Q)         0.518     5.739 r  <hidden>
                         net (fo=19, routed)          4.284    10.023    <hidden>
    SLICE_X8Y36          LUT6 (Prop_lut6_I2_O)        0.124    10.147 r  <hidden>
                         net (fo=1, routed)           2.082    12.229    <hidden>
    SLICE_X62Y38         LUT6 (Prop_lut6_I0_O)        0.124    12.353 r  <hidden>
                         net (fo=1, routed)           0.000    12.353    <hidden>
    SLICE_X62Y38         FDRE                                         r  <hidden>
  -------------------------------------------------------------------    -------------------

                         (clock ClkPort rise edge)   10.000    10.000 r  
    E3                                                0.000    10.000 r  ClkPort (IN)
                         net (fo=0)                   0.000    10.000    ClkPort
    E3                   IBUF (Prop_ibuf_I_O)         1.411    11.411 r  ClkPort_IBUF_inst/O
                         net (fo=1, routed)           1.920    13.331    ClkPort_IBUF
    BUFGCTRL_X0Y16       BUFG (Prop_bufg_I_O)         0.091    13.422 r  ClkPort_IBUF_BUFG_inst/O
                         net (fo=275, routed)         1.673    15.095    <hidden>
    SLICE_X62Y38         FDRE                                         r  <hidden>
                         clock pessimism              0.187    15.282    
                         clock uncertainty           -0.035    15.247    
    SLICE_X62Y38         FDRE (Setup_fdre_C_D)        0.077    15.324    <hidden>
  -------------------------------------------------------------------
                         required time                         15.324    
                         arrival time                         -12.353    
  -------------------------------------------------------------------
                         slack                                  2.971    

Slack (MET) :             3.075ns  (required time - arrival time)
  Source:                 <hidden>
                            (rising edge-triggered cell FDRE clocked by ClkPort  {rise@0.000ns fall@5.000ns period=10.000ns})
  Destination:            <hidden>
                            (rising edge-triggered cell FDRE clocked by ClkPort  {rise@0.000ns fall@5.000ns period=10.000ns})
  Path Group:             ClkPort
  Path Type:              Setup (Max at Slow Process Corner)
  Requirement:            10.000ns  (ClkPort rise@10.000ns - ClkPort rise@0.000ns)
  Data Path Delay:        7.030ns  (logic 0.766ns (10.897%)  route 6.264ns (89.103%))
  Logic Levels:           2  (LUT6=2)
  Clock Path Skew:        0.063ns (DCD - SCD + CPR)
    Destination Clock Delay (DCD):    5.096ns = ( 15.096 - 10.000 ) 
    Source Clock Delay      (SCD):    5.221ns
    Clock Pessimism Removal (CPR):    0.187ns
  Clock Uncertainty:      0.035ns  ((TSJ^2 + TIJ^2)^1/2 + DJ) / 2 + PE
    Total System Jitter     (TSJ):    0.071ns
    Total Input Jitter      (TIJ):    0.000ns
    Discrete Jitter          (DJ):    0.000ns
    Phase Error              (PE):    0.000ns

    Location             Delay type                Incr(ns)  Path(ns)    Netlist Resource(s)
  -------------------------------------------------------------------    -------------------
                         (clock ClkPort rise edge)    0.000     0.000 r  
    E3                                                0.000     0.000 r  ClkPort (IN)
                         net (fo=0)                   0.000     0.000    ClkPort
    E3                   IBUF (Prop_ibuf_I_O)         1.482     1.482 r  ClkPort_IBUF_inst/O
                         net (fo=1, routed)           2.025     3.506    ClkPort_IBUF
    BUFGCTRL_X0Y16       BUFG (Prop_bufg_I_O)         0.096     3.602 r  ClkPort_IBUF_BUFG_inst/O
                         net (fo=275, routed)         1.618     5.221    <hidden>
    SLICE_X56Y83         FDRE                                         r  <hidden>
  -------------------------------------------------------------------    -------------------
    SLICE_X56Y83         FDRE (Prop_fdre_C_Q)         0.518     5.739 r  <hidden>
                         net (fo=19, routed)          3.937     9.676    <hidden>
    SLICE_X8Y38          LUT6 (Prop_lut6_I2_O)        0.124     9.800 r  <hidden>
                         net (fo=1, routed)           2.326    12.126    <hidden>
    SLICE_X62Y39         LUT6 (Prop_lut6_I0_O)        0.124    12.250 r  <hidden>
                         net (fo=1, routed)           0.000    12.250    <hidden>
    SLICE_X62Y39         FDRE                                         r  <hidden>
  -------------------------------------------------------------------    -------------------

                         (clock ClkPort rise edge)   10.000    10.000 r  
    E3                                                0.000    10.000 r  ClkPort (IN)
                         net (fo=0)                   0.000    10.000    ClkPort
    E3                   IBUF (Prop_ibuf_I_O)         1.411    11.411 r  ClkPort_IBUF_inst/O
                         net (fo=1, routed)           1.920    13.331    ClkPort_IBUF
    BUFGCTRL_X0Y16       BUFG (Prop_bufg_I_O)         0.091    13.422 r  ClkPort_IBUF_BUFG_inst/O
                         net (fo=275, routed)         1.674    15.096    <hidden>
    SLICE_X62Y39         FDRE                                         r  <hidden>
                         clock pessimism              0.187    15.283    
                         clock uncertainty           -0.035    15.248    
    SLICE_X62Y39         FDRE (Setup_fdre_C_D)        0.077    15.325    <hidden>
  -------------------------------------------------------------------
                         required time                         15.325    
                         arrival time                         -12.250    
  -------------------------------------------------------------------
                         slack                                  3.075    

Slack (MET) :             3.160ns  (required time - arrival time)
  Source:                 <hidden>
                            (rising edge-triggered cell FDRE clocked by ClkPort  {rise@0.000ns fall@5.000ns period=10.000ns})
  Destination:            <hidden>
                            (rising edge-triggered cell FDRE clocked by ClkPort  {rise@0.000ns fall@5.000ns period=10.000ns})
  Path Group:             ClkPort
  Path Type:              Setup (Max at Slow Process Corner)
  Requirement:            10.000ns  (ClkPort rise@10.000ns - ClkPort rise@0.000ns)
  Data Path Delay:        6.947ns  (logic 0.766ns (11.026%)  route 6.181ns (88.974%))
  Logic Levels:           2  (LUT6=2)
  Clock Path Skew:        0.062ns (DCD - SCD + CPR)
    Destination Clock Delay (DCD):    5.095ns = ( 15.095 - 10.000 ) 
    Source Clock Delay      (SCD):    5.221ns
    Clock Pessimism Removal (CPR):    0.187ns
  Clock Uncertainty:      0.035ns  ((TSJ^2 + TIJ^2)^1/2 + DJ) / 2 + PE
    Total System Jitter     (TSJ):    0.071ns
    Total Input Jitter      (TIJ):    0.000ns
    Discrete Jitter          (DJ):    0.000ns
    Phase Error              (PE):    0.000ns

    Location             Delay type                Incr(ns)  Path(ns)    Netlist Resource(s)
  -------------------------------------------------------------------    -------------------
                         (clock ClkPort rise edge)    0.000     0.000 r  
    E3                                                0.000     0.000 r  ClkPort (IN)
                         net (fo=0)                   0.000     0.000    ClkPort
    E3                   IBUF (Prop_ibuf_I_O)         1.482     1.482 r  ClkPort_IBUF_inst/O
                         net (fo=1, routed)           2.025     3.506    ClkPort_IBUF
    BUFGCTRL_X0Y16       BUFG (Prop_bufg_I_O)         0.096     3.602 r  ClkPort_IBUF_BUFG_inst/O
                         net (fo=275, routed)         1.618     5.221    <hidden>
    SLICE_X56Y83         FDRE                                         r  <hidden>
  -------------------------------------------------------------------    -------------------
    SLICE_X56Y83         FDRE (Prop_fdre_C_Q)         0.518     5.739 r  <hidden>
                         net (fo=19, routed)          4.025     9.764    <hidden>
    SLICE_X8Y35          LUT6 (Prop_lut6_I2_O)        0.124     9.888 r  <hidden>
                         net (fo=1, routed)           2.157    12.044    <hidden>
    SLICE_X62Y38         LUT6 (Prop_lut6_I0_O)        0.124    12.168 r  <hidden>
                         net (fo=1, routed)           0.000    12.168    <hidden>
    SLICE_X62Y38         FDRE                                         r  <hidden>
  -------------------------------------------------------------------    -------------------

                         (clock ClkPort rise edge)   10.000    10.000 r  
    E3                                                0.000    10.000 r  ClkPort (IN)
                         net (fo=0)                   0.000    10.000    ClkPort
    E3                   IBUF (Prop_ibuf_I_O)         1.411    11.411 r  ClkPort_IBUF_inst/O
                         net (fo=1, routed)           1.920    13.331    ClkPort_IBUF
    BUFGCTRL_X0Y16       BUFG (Prop_bufg_I_O)         0.091    13.422 r  ClkPort_IBUF_BUFG_inst/O
                         net (fo=275, routed)         1.673    15.095    <hidden>
    SLICE_X62Y38         FDRE                                         r  <hidden>
                         clock pessimism              0.187    15.282    
                         clock uncertainty           -0.035    15.247    
    SLICE_X62Y38         FDRE (Setup_fdre_C_D)        0.081    15.328    <hidden>
  -------------------------------------------------------------------
                         required time                         15.328    
                         arrival time                         -12.168    
  -------------------------------------------------------------------
                         slack                                  3.160    

Slack (MET) :             3.371ns  (required time - arrival time)
  Source:                 <hidden>
                            (rising edge-triggered cell FDRE clocked by ClkPort  {rise@0.000ns fall@5.000ns period=10.000ns})
  Destination:            <hidden>
                            (rising edge-triggered cell FDRE clocked by ClkPort  {rise@0.000ns fall@5.000ns period=10.000ns})
  Path Group:             ClkPort
  Path Type:              Setup (Max at Slow Process Corner)
  Requirement:            10.000ns  (ClkPort rise@10.000ns - ClkPort rise@0.000ns)
  Data Path Delay:        6.738ns  (logic 0.766ns (11.369%)  route 5.972ns (88.631%))
  Logic Levels:           2  (LUT6=2)
  Clock Path Skew:        0.063ns (DCD - SCD + CPR)
    Destination Clock Delay (DCD):    5.096ns = ( 15.096 - 10.000 ) 
    Source Clock Delay      (SCD):    5.221ns
    Clock Pessimism Removal (CPR):    0.187ns
  Clock Uncertainty:      0.035ns  ((TSJ^2 + TIJ^2)^1/2 + DJ) / 2 + PE
    Total System Jitter     (TSJ):    0.071ns
    Total Input Jitter      (TIJ):    0.000ns
    Discrete Jitter          (DJ):    0.000ns
    Phase Error              (PE):    0.000ns

    Location             Delay type                Incr(ns)  Path(ns)    Netlist Resource(s)
  -------------------------------------------------------------------    -------------------
                         (clock ClkPort rise edge)    0.000     0.000 r  
    E3                                                0.000     0.000 r  ClkPort (IN)
                         net (fo=0)                   0.000     0.000    ClkPort
    E3                   IBUF (Prop_ibuf_I_O)         1.482     1.482 r  ClkPort_IBUF_inst/O
                         net (fo=1, routed)           2.025     3.506    ClkPort_IBUF
    BUFGCTRL_X0Y16       BUFG (Prop_bufg_I_O)         0.096     3.602 r  ClkPort_IBUF_BUFG_inst/O
                         net (fo=275, routed)         1.618     5.221    <hidden>
    SLICE_X56Y83         FDRE                                         r  <hidden>
  -------------------------------------------------------------------    -------------------
    SLICE_X56Y83         FDRE (Prop_fdre_C_Q)         0.518     5.739 r  <hidden>
                         net (fo=19, routed)          4.034     9.773    <hidden>
    SLICE_X8Y35          LUT6 (Prop_lut6_I2_O)        0.124     9.897 r  <hidden>
                         net (fo=1, routed)           1.938    11.834    <hidden>
    SLICE_X62Y39         LUT6 (Prop_lut6_I0_O)        0.124    11.958 r  <hidden>
                         net (fo=1, routed)           0.000    11.958    <hidden>
    SLICE_X62Y39         FDRE                                         r  <hidden>
  -------------------------------------------------------------------    -------------------

                         (clock ClkPort rise edge)   10.000    10.000 r  
    E3                                                0.000    10.000 r  ClkPort (IN)
                         net (fo=0)                   0.000    10.000    ClkPort
    E3                   IBUF (Prop_ibuf_I_O)         1.411    11.411 r  ClkPort_IBUF_inst/O
                         net (fo=1, routed)           1.920    13.331    ClkPort_IBUF
    BUFGCTRL_X0Y16       BUFG (Prop_bufg_I_O)         0.091    13.422 r  ClkPort_IBUF_BUFG_inst/O
                         net (fo=275, routed)         1.674    15.096    <hidden>
    SLICE_X62Y39         FDRE                                         r  <hidden>
                         clock pessimism              0.187    15.283    
                         clock uncertainty           -0.035    15.248    
    SLICE_X62Y39         FDRE (Setup_fdre_C_D)        0.081    15.329    <hidden>
  -------------------------------------------------------------------
                         required time                         15.329    
                         arrival time                         -11.958    
  -------------------------------------------------------------------
                         slack                                  3.371    

Slack (MET) :             3.407ns  (required time - arrival time)
  Source:                 <hidden>
                            (rising edge-triggered cell FDRE clocked by ClkPort  {rise@0.000ns fall@5.000ns period=10.000ns})
  Destination:            <hidden>
                            (rising edge-triggered cell FDRE clocked by ClkPort  {rise@0.000ns fall@5.000ns period=10.000ns})
  Path Group:             ClkPort
  Path Type:              Setup (Max at Slow Process Corner)
  Requirement:            10.000ns  (ClkPort rise@10.000ns - ClkPort rise@0.000ns)
  Data Path Delay:        6.651ns  (logic 0.766ns (11.518%)  route 5.885ns (88.482%))
  Logic Levels:           2  (LUT6=2)
  Clock Path Skew:        0.062ns (DCD - SCD + CPR)
    Destination Clock Delay (DCD):    5.095ns = ( 15.095 - 10.000 ) 
    Source Clock Delay      (SCD):    5.221ns
    Clock Pessimism Removal (CPR):    0.187ns
  Clock Uncertainty:      0.035ns  ((TSJ^2 + TIJ^2)^1/2 + DJ) / 2 + PE
    Total System Jitter     (TSJ):    0.071ns
    Total Input Jitter      (TIJ):    0.000ns
    Discrete Jitter          (DJ):    0.000ns
    Phase Error              (PE):    0.000ns

    Location             Delay type                Incr(ns)  Path(ns)    Netlist Resource(s)
  -------------------------------------------------------------------    -------------------
                         (clock ClkPort rise edge)    0.000     0.000 r  
    E3                                                0.000     0.000 r  ClkPort (IN)
                         net (fo=0)                   0.000     0.000    ClkPort
    E3                   IBUF (Prop_ibuf_I_O)         1.482     1.482 r  ClkPort_IBUF_inst/O
                         net (fo=1, routed)           2.025     3.506    ClkPort_IBUF
    BUFGCTRL_X0Y16       BUFG (Prop_bufg_I_O)         0.096     3.602 r  ClkPort_IBUF_BUFG_inst/O
                         net (fo=275, routed)         1.618     5.221    <hidden>
    SLICE_X56Y83         FDRE                                         r  <hidden>
  -------------------------------------------------------------------    -------------------
    SLICE_X56Y83         FDRE (Prop_fdre_C_Q)         0.518     5.739 r  <hidden>
                         net (fo=19, routed)          4.050     9.789    <hidden>
    SLICE_X8Y38          LUT6 (Prop_lut6_I2_O)        0.124     9.913 r  <hidden>
                         net (fo=1, routed)           1.834    11.747    <hidden>
    SLICE_X63Y38         LUT6 (Prop_lut6_I0_O)        0.124    11.871 r  <hidden>
                         net (fo=1, routed)           0.000    11.871    <hidden>
    SLICE_X63Y38         FDRE                                         r  <hidden>
  -------------------------------------------------------------------    -------------------

                         (clock ClkPort rise edge)   10.000    10.000 r  
    E3                                                0.000    10.000 r  ClkPort (IN)
                         net (fo=0)                   0.000    10.000    ClkPort
    E3                   IBUF (Prop_ibuf_I_O)         1.411    11.411 r  ClkPort_IBUF_inst/O
                         net (fo=1, routed)           1.920    13.331    ClkPort_IBUF
    BUFGCTRL_X0Y16       BUFG (Prop_bufg_I_O)         0.091    13.422 r  ClkPort_IBUF_BUFG_inst/O
                         net (fo=275, routed)         1.673    15.095    <hidden>
    SLICE_X63Y38         FDRE                                         r  <hidden>
                         clock pessimism              0.187    15.282    
                         clock uncertainty           -0.035    15.247    
    SLICE_X63Y38         FDRE (Setup_fdre_C_D)        0.031    15.278    <hidden>
  -------------------------------------------------------------------
                         required time                         15.278    
                         arrival time                         -11.871    
  -------------------------------------------------------------------
                         slack                                  3.407    

Slack (MET) :             4.287ns  (required time - arrival time)
  Source:                 debouncer_L/FSM_sequential_state_reg[2]/C
                            (rising edge-triggered cell FDCE clocked by ClkPort  {rise@0.000ns fall@5.000ns period=10.000ns})
  Destination:            bc/board_reg[1]/D
                            (rising edge-triggered cell FDCE clocked by ClkPort  {rise@0.000ns fall@5.000ns period=10.000ns})
  Path Group:             ClkPort
  Path Type:              Setup (Max at Slow Process Corner)
  Requirement:            10.000ns  (ClkPort rise@10.000ns - ClkPort rise@0.000ns)
  Data Path Delay:        5.712ns  (logic 1.657ns (29.008%)  route 4.055ns (70.992%))
  Logic Levels:           6  (LUT3=1 LUT4=1 LUT6=4)
  Clock Path Skew:        -0.040ns (DCD - SCD + CPR)
    Destination Clock Delay (DCD):    4.929ns = ( 14.929 - 10.000 ) 
    Source Clock Delay      (SCD):    5.228ns
    Clock Pessimism Removal (CPR):    0.259ns
  Clock Uncertainty:      0.035ns  ((TSJ^2 + TIJ^2)^1/2 + DJ) / 2 + PE
    Total System Jitter     (TSJ):    0.071ns
    Total Input Jitter      (TIJ):    0.000ns
    Discrete Jitter          (DJ):    0.000ns
    Phase Error              (PE):    0.000ns

    Location             Delay type                Incr(ns)  Path(ns)    Netlist Resource(s)
  -------------------------------------------------------------------    -------------------
                         (clock ClkPort rise edge)    0.000     0.000 r  
    E3                                                0.000     0.000 r  ClkPort (IN)
                         net (fo=0)                   0.000     0.000    ClkPort
    E3                   IBUF (Prop_ibuf_I_O)         1.482     1.482 r  ClkPort_IBUF_inst/O
                         net (fo=1, routed)           2.025     3.506    ClkPort_IBUF
    BUFGCTRL_X0Y16       BUFG (Prop_bufg_I_O)         0.096     3.602 r  ClkPort_IBUF_BUFG_inst/O
                         net (fo=275, routed)         1.625     5.228    debouncer_L/ClkPort_IBUF_BUFG
    SLICE_X54Y94         FDCE                                         r  debouncer_L/FSM_sequential_state_reg[2]/C
  -------------------------------------------------------------------    -------------------
    SLICE_X54Y94         FDCE (Prop_fdce_C_Q)         0.478     5.706 r  debouncer_L/FSM_sequential_state_reg[2]/Q
                         net (fo=13, routed)          0.746     6.451    debouncer_L/state__0[2]
    SLICE_X54Y94         LUT4 (Prop_lut4_I3_O)        0.327     6.778 f  debouncer_L/cursorX[1]_i_3/O
                         net (fo=8, routed)           0.516     7.294    debouncer_R/selector_bit_reg[3]
    SLICE_X56Y92         LUT6 (Prop_lut6_I4_O)        0.328     7.622 r  debouncer_R/cursorY[1]_i_4/O
                         net (fo=2, routed)           0.313     7.935    debouncer_D/turn_i_2
    SLICE_X56Y91         LUT6 (Prop_lut6_I0_O)        0.124     8.059 f  debouncer_D/turn_i_4/O
                         net (fo=1, routed)           1.048     9.107    bc/turn_reg_0
    SLICE_X64Y86         LUT6 (Prop_lut6_I3_O)        0.124     9.231 r  bc/turn_i_2/O
                         net (fo=10, routed)          0.632     9.863    bc/turn_i_2_n_0
    SLICE_X66Y84         LUT6 (Prop_lut6_I0_O)        0.124     9.987 r  bc/board[1]_i_2/O
                         net (fo=3, routed)           0.801    10.788    bc/board[1]_i_2_n_0
    SLICE_X65Y84         LUT3 (Prop_lut3_I1_O)        0.152    10.940 r  bc/board[1]_i_1/O
                         net (fo=1, routed)           0.000    10.940    bc/board[1]_i_1_n_0
    SLICE_X65Y84         FDCE                                         r  bc/board_reg[1]/D
  -------------------------------------------------------------------    -------------------

                         (clock ClkPort rise edge)   10.000    10.000 r  
    E3                                                0.000    10.000 r  ClkPort (IN)
                         net (fo=0)                   0.000    10.000    ClkPort
    E3                   IBUF (Prop_ibuf_I_O)         1.411    11.411 r  ClkPort_IBUF_inst/O
                         net (fo=1, routed)           1.920    13.331    ClkPort_IBUF
    BUFGCTRL_X0Y16       BUFG (Prop_bufg_I_O)         0.091    13.422 r  ClkPort_IBUF_BUFG_inst/O
                         net (fo=275, routed)         1.506    14.929    bc/ClkPort_IBUF_BUFG
    SLICE_X65Y84         FDCE                                         r  bc/board_reg[1]/C
                         clock pessimism              0.259    15.188    
                         clock uncertainty           -0.035    15.152    
    SLICE_X65Y84         FDCE (Setup_fdce_C_D)        0.075    15.227    bc/board_reg[1]
  -------------------------------------------------------------------
                         required time                         15.227    
                         arrival time                         -10.940    
  -------------------------------------------------------------------
                         slack                                  4.287    





Min Delay Paths
--------------------------------------------------------------------------------------
Slack (MET) :             0.117ns  (arrival time - required time)
  Source:                 debouncer_R/debounce_count_reg[4]/C
                            (rising edge-triggered cell FDRE clocked by ClkPort  {rise@0.000ns fall@5.000ns period=10.000ns})
  Destination:            debouncer_R/debounce_count_reg[5]/D
                            (rising edge-triggered cell FDRE clocked by ClkPort  {rise@0.000ns fall@5.000ns period=10.000ns})
  Path Group:             ClkPort
  Path Type:              Hold (Min at Fast Process Corner)
  Requirement:            0.000ns  (ClkPort rise@0.000ns - ClkPort rise@0.000ns)
  Data Path Delay:        0.251ns  (logic 0.186ns (74.042%)  route 0.065ns (25.958%))
  Logic Levels:           1  (LUT6=1)
  Clock Path Skew:        0.013ns (DCD - SCD - CPR)
    Destination Clock Delay (DCD):    2.002ns
    Source Clock Delay      (SCD):    1.485ns
    Clock Pessimism Removal (CPR):    0.503ns

    Location             Delay type                Incr(ns)  Path(ns)    Netlist Resource(s)
  -------------------------------------------------------------------    -------------------
                         (clock ClkPort rise edge)    0.000     0.000 r  
    E3                                                0.000     0.000 r  ClkPort (IN)
                         net (fo=0)                   0.000     0.000    ClkPort
    E3                   IBUF (Prop_ibuf_I_O)         0.250     0.250 r  ClkPort_IBUF_inst/O
                         net (fo=1, routed)           0.644     0.894    ClkPort_IBUF
    BUFGCTRL_X0Y16       BUFG (Prop_bufg_I_O)         0.026     0.920 r  ClkPort_IBUF_BUFG_inst/O
                         net (fo=275, routed)         0.566     1.485    debouncer_R/ClkPort_IBUF_BUFG
    SLICE_X59Y94         FDRE                                         r  debouncer_R/debounce_count_reg[4]/C
  -------------------------------------------------------------------    -------------------
    SLICE_X59Y94         FDRE (Prop_fdre_C_Q)         0.141     1.626 r  debouncer_R/debounce_count_reg[4]/Q
                         net (fo=3, routed)           0.065     1.692    debouncer_R/debounce_count_reg_n_0_[4]
    SLICE_X58Y94         LUT6 (Prop_lut6_I1_O)        0.045     1.737 r  debouncer_R/debounce_count[5]_i_1__2/O
                         net (fo=1, routed)           0.000     1.737    debouncer_R/debounce_count[5]_i_1__2_n_0
    SLICE_X58Y94         FDRE                                         r  debouncer_R/debounce_count_reg[5]/D
  -------------------------------------------------------------------    -------------------

                         (clock ClkPort rise edge)    0.000     0.000 r  
    E3                                                0.000     0.000 r  ClkPort (IN)
                         net (fo=0)                   0.000     0.000    ClkPort
    E3                   IBUF (Prop_ibuf_I_O)         0.438     0.438 r  ClkPort_IBUF_inst/O
                         net (fo=1, routed)           0.699     1.136    ClkPort_IBUF
    BUFGCTRL_X0Y16       BUFG (Prop_bufg_I_O)         0.029     1.165 r  ClkPort_IBUF_BUFG_inst/O
                         net (fo=275, routed)         0.837     2.002    debouncer_R/ClkPort_IBUF_BUFG
    SLICE_X58Y94         FDRE                                         r  debouncer_R/debounce_count_reg[5]/C
                         clock pessimism             -0.503     1.498    
    SLICE_X58Y94         FDRE (Hold_fdre_C_D)         0.121     1.619    debouncer_R/debounce_count_reg[5]
  -------------------------------------------------------------------
                         required time                         -1.619    
                         arrival time                           1.737    
  -------------------------------------------------------------------
                         slack                                  0.117    

Slack (MET) :             0.150ns  (arrival time - required time)
  Source:                 debouncer_U/debounce_count_reg[4]/C
                            (rising edge-triggered cell FDRE clocked by ClkPort  {rise@0.000ns fall@5.000ns period=10.000ns})
  Destination:            debouncer_U/debounce_count_reg[5]/D
                            (rising edge-triggered cell FDRE clocked by ClkPort  {rise@0.000ns fall@5.000ns period=10.000ns})
  Path Group:             ClkPort
  Path Type:              Hold (Min at Fast Process Corner)
  Requirement:            0.000ns  (ClkPort rise@0.000ns - ClkPort rise@0.000ns)
  Data Path Delay:        0.255ns  (logic 0.186ns (72.817%)  route 0.069ns (27.183%))
  Logic Levels:           1  (LUT6=1)
  Clock Path Skew:        0.013ns (DCD - SCD - CPR)
    Destination Clock Delay (DCD):    1.999ns
    Source Clock Delay      (SCD):    1.483ns
    Clock Pessimism Removal (CPR):    0.502ns

    Location             Delay type                Incr(ns)  Path(ns)    Netlist Resource(s)
  -------------------------------------------------------------------    -------------------
                         (clock ClkPort rise edge)    0.000     0.000 r  
    E3                                                0.000     0.000 r  ClkPort (IN)
                         net (fo=0)                   0.000     0.000    ClkPort
    E3                   IBUF (Prop_ibuf_I_O)         0.250     0.250 r  ClkPort_IBUF_inst/O
                         net (fo=1, routed)           0.644     0.894    ClkPort_IBUF
    BUFGCTRL_X0Y16       BUFG (Prop_bufg_I_O)         0.026     0.920 r  ClkPort_IBUF_BUFG_inst/O
                         net (fo=275, routed)         0.564     1.483    debouncer_U/ClkPort_IBUF_BUFG
    SLICE_X53Y94         FDRE                                         r  debouncer_U/debounce_count_reg[4]/C
  -------------------------------------------------------------------    -------------------
    SLICE_X53Y94         FDRE (Prop_fdre_C_Q)         0.141     1.624 r  debouncer_U/debounce_count_reg[4]/Q
                         net (fo=3, routed)           0.069     1.694    debouncer_U/debounce_count_reg_n_0_[4]
    SLICE_X52Y94         LUT6 (Prop_lut6_I1_O)        0.045     1.739 r  debouncer_U/debounce_count[5]_i_1/O
                         net (fo=1, routed)           0.000     1.739    debouncer_U/debounce_count[5]_i_1_n_0
    SLICE_X52Y94         FDRE                                         r  debouncer_U/debounce_count_reg[5]/D
  -------------------------------------------------------------------    -------------------

                         (clock ClkPort rise edge)    0.000     0.000 r  
    E3                                                0.000     0.000 r  ClkPort (IN)
                         net (fo=0)                   0.000     0.000    ClkPort
    E3                   IBUF (Prop_ibuf_I_O)         0.438     0.438 r  ClkPort_IBUF_inst/O
                         net (fo=1, routed)           0.699     1.136    ClkPort_IBUF
    BUFGCTRL_X0Y16       BUFG (Prop_bufg_I_O)         0.029     1.165 r  ClkPort_IBUF_BUFG_inst/O
                         net (fo=275, routed)         0.834     1.999    debouncer_U/ClkPort_IBUF_BUFG
    SLICE_X52Y94         FDRE                                         r  debouncer_U/debounce_count_reg[5]/C
                         clock pessimism             -0.502     1.496    
    SLICE_X52Y94         FDRE (Hold_fdre_C_D)         0.092     1.588    debouncer_U/debounce_count_reg[5]
  -------------------------------------------------------------------
                         required time                         -1.588    
                         arrival time                           1.739    
  -------------------------------------------------------------------
                         slack                                  0.150    

Slack (MET) :             0.163ns  (arrival time - required time)
  Source:                 debouncer_D/FSM_sequential_state_reg[3]/C
                            (rising edge-triggered cell FDCE clocked by ClkPort  {rise@0.000ns fall@5.000ns period=10.000ns})
  Destination:            debouncer_D/FSM_sequential_state_reg[0]/D
                            (rising edge-triggered cell FDCE clocked by ClkPort  {rise@0.000ns fall@5.000ns period=10.000ns})
  Path Group:             ClkPort
  Path Type:              Hold (Min at Fast Process Corner)
  Requirement:            0.000ns  (ClkPort rise@0.000ns - ClkPort rise@0.000ns)
  Data Path Delay:        0.296ns  (logic 0.186ns (62.765%)  route 0.110ns (37.235%))
  Logic Levels:           1  (LUT5=1)
  Clock Path Skew:        0.013ns (DCD - SCD - CPR)
    Destination Clock Delay (DCD):    1.998ns
    Source Clock Delay      (SCD):    1.482ns
    Clock Pessimism Removal (CPR):    0.502ns

    Location             Delay type                Incr(ns)  Path(ns)    Netlist Resource(s)
  -------------------------------------------------------------------    -------------------
                         (clock ClkPort rise edge)    0.000     0.000 r  
    E3                                                0.000     0.000 r  ClkPort (IN)
                         net (fo=0)                   0.000     0.000    ClkPort
    E3                   IBUF (Prop_ibuf_I_O)         0.250     0.250 r  ClkPort_IBUF_inst/O
                         net (fo=1, routed)           0.644     0.894    ClkPort_IBUF
    BUFGCTRL_X0Y16       BUFG (Prop_bufg_I_O)         0.026     0.920 r  ClkPort_IBUF_BUFG_inst/O
                         net (fo=275, routed)         0.563     1.482    debouncer_D/ClkPort_IBUF_BUFG
    SLICE_X55Y90         FDCE                                         r  debouncer_D/FSM_sequential_state_reg[3]/C
  -------------------------------------------------------------------    -------------------
    SLICE_X55Y90         FDCE (Prop_fdce_C_Q)         0.141     1.623 r  debouncer_D/FSM_sequential_state_reg[3]/Q
                         net (fo=11, routed)          0.110     1.734    debouncer_D/state__0[3]
    SLICE_X54Y90         LUT5 (Prop_lut5_I2_O)        0.045     1.779 r  debouncer_D/FSM_sequential_state[0]_i_1/O
                         net (fo=1, routed)           0.000     1.779    debouncer_D/state__1[0]
    SLICE_X54Y90         FDCE                                         r  debouncer_D/FSM_sequential_state_reg[0]/D
  -------------------------------------------------------------------    -------------------

                         (clock ClkPort rise edge)    0.000     0.000 r  
    E3                                                0.000     0.000 r  ClkPort (IN)
                         net (fo=0)                   0.000     0.000    ClkPort
    E3                   IBUF (Prop_ibuf_I_O)         0.438     0.438 r  ClkPort_IBUF_inst/O
                         net (fo=1, routed)           0.699     1.136    ClkPort_IBUF
    BUFGCTRL_X0Y16       BUFG (Prop_bufg_I_O)         0.029     1.165 r  ClkPort_IBUF_BUFG_inst/O
                         net (fo=275, routed)         0.833     1.998    debouncer_D/ClkPort_IBUF_BUFG
    SLICE_X54Y90         FDCE                                         r  debouncer_D/FSM_sequential_state_reg[0]/C
                         clock pessimism             -0.502     1.495    
    SLICE_X54Y90         FDCE (Hold_fdce_C_D)         0.120     1.615    debouncer_D/FSM_sequential_state_reg[0]
  -------------------------------------------------------------------
                         required time                         -1.615    
                         arrival time                           1.779    
  -------------------------------------------------------------------
                         slack                                  0.163    

Slack (MET) :             0.165ns  (arrival time - required time)
  Source:                 debouncer_D/MCEN_count_reg[0]/C
                            (rising edge-triggered cell FDRE clocked by ClkPort  {rise@0.000ns fall@5.000ns period=10.000ns})
  Destination:            debouncer_D/MCEN_count_reg[3]/D
                            (rising edge-triggered cell FDRE clocked by ClkPort  {rise@0.000ns fall@5.000ns period=10.000ns})
  Path Group:             ClkPort
  Path Type:              Hold (Min at Fast Process Corner)
  Requirement:            0.000ns  (ClkPort rise@0.000ns - ClkPort rise@0.000ns)
  Data Path Delay:        0.299ns  (logic 0.186ns (62.185%)  route 0.113ns (37.815%))
  Logic Levels:           1  (LUT5=1)
  Clock Path Skew:        0.013ns (DCD - SCD - CPR)
    Destination Clock Delay (DCD):    1.998ns
    Source Clock Delay      (SCD):    1.482ns
    Clock Pessimism Removal (CPR):    0.502ns

    Location             Delay type                Incr(ns)  Path(ns)    Netlist Resource(s)
  -------------------------------------------------------------------    -------------------
                         (clock ClkPort rise edge)    0.000     0.000 r  
    E3                                                0.000     0.000 r  ClkPort (IN)
                         net (fo=0)                   0.000     0.000    ClkPort
    E3                   IBUF (Prop_ibuf_I_O)         0.250     0.250 r  ClkPort_IBUF_inst/O
                         net (fo=1, routed)           0.644     0.894    ClkPort_IBUF
    BUFGCTRL_X0Y16       BUFG (Prop_bufg_I_O)         0.026     0.920 r  ClkPort_IBUF_BUFG_inst/O
                         net (fo=275, routed)         0.563     1.482    debouncer_D/ClkPort_IBUF_BUFG
    SLICE_X55Y92         FDRE                                         r  debouncer_D/MCEN_count_reg[0]/C
  -------------------------------------------------------------------    -------------------
    SLICE_X55Y92         FDRE (Prop_fdre_C_Q)         0.141     1.623 r  debouncer_D/MCEN_count_reg[0]/Q
                         net (fo=5, routed)           0.113     1.736    debouncer_D/MCEN_count_reg_n_0_[0]
    SLICE_X54Y92         LUT5 (Prop_lut5_I1_O)        0.045     1.781 r  debouncer_D/MCEN_count[3]_i_2/O
                         net (fo=1, routed)           0.000     1.781    debouncer_D/MCEN_count[3]_i_2_n_0
    SLICE_X54Y92         FDRE                                         r  debouncer_D/MCEN_count_reg[3]/D
  -------------------------------------------------------------------    -------------------

                         (clock ClkPort rise edge)    0.000     0.000 r  
    E3                                                0.000     0.000 r  ClkPort (IN)
                         net (fo=0)                   0.000     0.000    ClkPort
    E3                   IBUF (Prop_ibuf_I_O)         0.438     0.438 r  ClkPort_IBUF_inst/O
                         net (fo=1, routed)           0.699     1.136    ClkPort_IBUF
    BUFGCTRL_X0Y16       BUFG (Prop_bufg_I_O)         0.029     1.165 r  ClkPort_IBUF_BUFG_inst/O
                         net (fo=275, routed)         0.833     1.998    debouncer_D/ClkPort_IBUF_BUFG
    SLICE_X54Y92         FDRE                                         r  debouncer_D/MCEN_count_reg[3]/C
                         clock pessimism             -0.502     1.495    
    SLICE_X54Y92         FDRE (Hold_fdre_C_D)         0.121     1.616    debouncer_D/MCEN_count_reg[3]
  -------------------------------------------------------------------
                         required time                         -1.616    
                         arrival time                           1.781    
  -------------------------------------------------------------------
                         slack                                  0.165    

Slack (MET) :             0.177ns  (arrival time - required time)
  Source:                 debouncer_D/debounce_count_reg[0]/C
                            (rising edge-triggered cell FDRE clocked by ClkPort  {rise@0.000ns fall@5.000ns period=10.000ns})
  Destination:            debouncer_D/debounce_count_reg[5]/D
                            (rising edge-triggered cell FDRE clocked by ClkPort  {rise@0.000ns fall@5.000ns period=10.000ns})
  Path Group:             ClkPort
  Path Type:              Hold (Min at Fast Process Corner)
  Requirement:            0.000ns  (ClkPort rise@0.000ns - ClkPort rise@0.000ns)
  Data Path Delay:        0.314ns  (logic 0.186ns (59.212%)  route 0.128ns (40.788%))
  Logic Levels:           1  (LUT6=1)
  Clock Path Skew:        0.016ns (DCD - SCD - CPR)
    Destination Clock Delay (DCD):    1.998ns
    Source Clock Delay      (SCD):    1.482ns
    Clock Pessimism Removal (CPR):    0.499ns

    Location             Delay type                Incr(ns)  Path(ns)    Netlist Resource(s)
  -------------------------------------------------------------------    -------------------
                         (clock ClkPort rise edge)    0.000     0.000 r  
    E3                                                0.000     0.000 r  ClkPort (IN)
                         net (fo=0)                   0.000     0.000    ClkPort
    E3                   IBUF (Prop_ibuf_I_O)         0.250     0.250 r  ClkPort_IBUF_inst/O
                         net (fo=1, routed)           0.644     0.894    ClkPort_IBUF
    BUFGCTRL_X0Y16       BUFG (Prop_bufg_I_O)         0.026     0.920 r  ClkPort_IBUF_BUFG_inst/O
                         net (fo=275, routed)         0.563     1.482    debouncer_D/ClkPort_IBUF_BUFG
    SLICE_X53Y91         FDRE                                         r  debouncer_D/debounce_count_reg[0]/C
  -------------------------------------------------------------------    -------------------
    SLICE_X53Y91         FDRE (Prop_fdre_C_Q)         0.141     1.623 r  debouncer_D/debounce_count_reg[0]/Q
                         net (fo=7, routed)           0.128     1.751    debouncer_D/debounce_count_reg_n_0_[0]
    SLICE_X54Y91         LUT6 (Prop_lut6_I4_O)        0.045     1.796 r  debouncer_D/debounce_count[5]_i_1__0/O
                         net (fo=1, routed)           0.000     1.796    debouncer_D/debounce_count[5]_i_1__0_n_0
    SLICE_X54Y91         FDRE                                         r  debouncer_D/debounce_count_reg[5]/D
  -------------------------------------------------------------------    -------------------

                         (clock ClkPort rise edge)    0.000     0.000 r  
    E3                                                0.000     0.000 r  ClkPort (IN)
                         net (fo=0)                   0.000     0.000    ClkPort
    E3                   IBUF (Prop_ibuf_I_O)         0.438     0.438 r  ClkPort_IBUF_inst/O
                         net (fo=1, routed)           0.699     1.136    ClkPort_IBUF
    BUFGCTRL_X0Y16       BUFG (Prop_bufg_I_O)         0.029     1.165 r  ClkPort_IBUF_BUFG_inst/O
                         net (fo=275, routed)         0.833     1.998    debouncer_D/ClkPort_IBUF_BUFG
    SLICE_X54Y91         FDRE                                         r  debouncer_D/debounce_count_reg[5]/C
                         clock pessimism             -0.499     1.498    
    SLICE_X54Y91         FDRE (Hold_fdre_C_D)         0.121     1.619    debouncer_D/debounce_count_reg[5]
  -------------------------------------------------------------------
                         required time                         -1.619    
                         arrival time                           1.796    
  -------------------------------------------------------------------
                         slack                                  0.177    

Slack (MET) :             0.191ns  (arrival time - required time)
  Source:                 debouncer_U/FSM_sequential_state_reg[0]/C
                            (rising edge-triggered cell FDCE clocked by ClkPort  {rise@0.000ns fall@5.000ns period=10.000ns})
  Destination:            debouncer_U/FSM_sequential_state_reg[3]/D
                            (rising edge-triggered cell FDCE clocked by ClkPort  {rise@0.000ns fall@5.000ns period=10.000ns})
  Path Group:             ClkPort
  Path Type:              Hold (Min at Fast Process Corner)
  Requirement:            0.000ns  (ClkPort rise@0.000ns - ClkPort rise@0.000ns)
  Data Path Delay:        0.295ns  (logic 0.186ns (63.050%)  route 0.109ns (36.950%))
  Logic Levels:           1  (LUT4=1)
  Clock Path Skew:        0.013ns (DCD - SCD - CPR)
    Destination Clock Delay (DCD):    1.998ns
    Source Clock Delay      (SCD):    1.482ns
    Clock Pessimism Removal (CPR):    0.502ns

    Location             Delay type                Incr(ns)  Path(ns)    Netlist Resource(s)
  -------------------------------------------------------------------    -------------------
                         (clock ClkPort rise edge)    0.000     0.000 r  
    E3                                                0.000     0.000 r  ClkPort (IN)
                         net (fo=0)                   0.000     0.000    ClkPort
    E3                   IBUF (Prop_ibuf_I_O)         0.250     0.250 r  ClkPort_IBUF_inst/O
                         net (fo=1, routed)           0.644     0.894    ClkPort_IBUF
    BUFGCTRL_X0Y16       BUFG (Prop_bufg_I_O)         0.026     0.920 r  ClkPort_IBUF_BUFG_inst/O
                         net (fo=275, routed)         0.563     1.482    debouncer_U/ClkPort_IBUF_BUFG
    SLICE_X53Y92         FDCE                                         r  debouncer_U/FSM_sequential_state_reg[0]/C
  -------------------------------------------------------------------    -------------------
    SLICE_X53Y92         FDCE (Prop_fdce_C_Q)         0.141     1.623 r  debouncer_U/FSM_sequential_state_reg[0]/Q
                         net (fo=14, routed)          0.109     1.732    debouncer_U/state__0[0]
    SLICE_X52Y92         LUT4 (Prop_lut4_I3_O)        0.045     1.777 r  debouncer_U/FSM_sequential_state[3]_i_2/O
                         net (fo=1, routed)           0.000     1.777    debouncer_U/FSM_sequential_state[3]_i_2_n_0
    SLICE_X52Y92         FDCE                                         r  debouncer_U/FSM_sequential_state_reg[3]/D
  -------------------------------------------------------------------    -------------------

                         (clock ClkPort rise edge)    0.000     0.000 r  
    E3                                                0.000     0.000 r  ClkPort (IN)
                         net (fo=0)                   0.000     0.000    ClkPort
    E3                   IBUF (Prop_ibuf_I_O)         0.438     0.438 r  ClkPort_IBUF_inst/O
                         net (fo=1, routed)           0.699     1.136    ClkPort_IBUF
    BUFGCTRL_X0Y16       BUFG (Prop_bufg_I_O)         0.029     1.165 r  ClkPort_IBUF_BUFG_inst/O
                         net (fo=275, routed)         0.833     1.998    debouncer_U/ClkPort_IBUF_BUFG
    SLICE_X52Y92         FDCE                                         r  debouncer_U/FSM_sequential_state_reg[3]/C
                         clock pessimism             -0.502     1.495    
    SLICE_X52Y92         FDCE (Hold_fdce_C_D)         0.091     1.586    debouncer_U/FSM_sequential_state_reg[3]
  -------------------------------------------------------------------
                         required time                         -1.586    
                         arrival time                           1.777    
  -------------------------------------------------------------------
                         slack                                  0.191    

Slack (MET) :             0.210ns  (arrival time - required time)
  Source:                 debouncer_L/debounce_count_reg[6]/C
                            (rising edge-triggered cell FDRE clocked by ClkPort  {rise@0.000ns fall@5.000ns period=10.000ns})
  Destination:            debouncer_L/debounce_count_reg[6]/D
                            (rising edge-triggered cell FDRE clocked by ClkPort  {rise@0.000ns fall@5.000ns period=10.000ns})
  Path Group:             ClkPort
  Path Type:              Hold (Min at Fast Process Corner)
  Requirement:            0.000ns  (ClkPort rise@0.000ns - ClkPort rise@0.000ns)
  Data Path Delay:        0.301ns  (logic 0.186ns (61.784%)  route 0.115ns (38.216%))
  Logic Levels:           1  (LUT3=1)
  Clock Path Skew:        0.000ns (DCD - SCD - CPR)
    Destination Clock Delay (DCD):    1.999ns
    Source Clock Delay      (SCD):    1.483ns
    Clock Pessimism Removal (CPR):    0.515ns

    Location             Delay type                Incr(ns)  Path(ns)    Netlist Resource(s)
  -------------------------------------------------------------------    -------------------
                         (clock ClkPort rise edge)    0.000     0.000 r  
    E3                                                0.000     0.000 r  ClkPort (IN)
                         net (fo=0)                   0.000     0.000    ClkPort
    E3                   IBUF (Prop_ibuf_I_O)         0.250     0.250 r  ClkPort_IBUF_inst/O
                         net (fo=1, routed)           0.644     0.894    ClkPort_IBUF
    BUFGCTRL_X0Y16       BUFG (Prop_bufg_I_O)         0.026     0.920 r  ClkPort_IBUF_BUFG_inst/O
                         net (fo=275, routed)         0.564     1.483    debouncer_L/ClkPort_IBUF_BUFG
    SLICE_X53Y95         FDRE                                         r  debouncer_L/debounce_count_reg[6]/C
  -------------------------------------------------------------------    -------------------
    SLICE_X53Y95         FDRE (Prop_fdre_C_Q)         0.141     1.624 r  debouncer_L/debounce_count_reg[6]/Q
                         net (fo=2, routed)           0.115     1.739    debouncer_L/debounce_count_reg_n_0_[6]
    SLICE_X53Y95         LUT3 (Prop_lut3_I0_O)        0.045     1.784 r  debouncer_L/debounce_count[6]_i_3__1/O
                         net (fo=1, routed)           0.000     1.784    debouncer_L/debounce_count[6]_i_3__1_n_0
    SLICE_X53Y95         FDRE                                         r  debouncer_L/debounce_count_reg[6]/D
  -------------------------------------------------------------------    -------------------

                         (clock ClkPort rise edge)    0.000     0.000 r  
    E3                                                0.000     0.000 r  ClkPort (IN)
                         net (fo=0)                   0.000     0.000    ClkPort
    E3                   IBUF (Prop_ibuf_I_O)         0.438     0.438 r  ClkPort_IBUF_inst/O
                         net (fo=1, routed)           0.699     1.136    ClkPort_IBUF
    BUFGCTRL_X0Y16       BUFG (Prop_bufg_I_O)         0.029     1.165 r  ClkPort_IBUF_BUFG_inst/O
                         net (fo=275, routed)         0.834     1.999    debouncer_L/ClkPort_IBUF_BUFG
    SLICE_X53Y95         FDRE                                         r  debouncer_L/debounce_count_reg[6]/C
                         clock pessimism             -0.515     1.483    
    SLICE_X53Y95         FDRE (Hold_fdre_C_D)         0.091     1.574    debouncer_L/debounce_count_reg[6]
  -------------------------------------------------------------------
                         required time                         -1.574    
                         arrival time                           1.784    
  -------------------------------------------------------------------
                         slack                                  0.210    

Slack (MET) :             0.212ns  (arrival time - required time)
  Source:                 debouncer_C/MCEN_count_reg[1]/C
                            (rising edge-triggered cell FDRE clocked by ClkPort  {rise@0.000ns fall@5.000ns period=10.000ns})
  Destination:            debouncer_C/MCEN_count_reg[2]/D
                            (rising edge-triggered cell FDRE clocked by ClkPort  {rise@0.000ns fall@5.000ns period=10.000ns})
  Path Group:             ClkPort
  Path Type:              Hold (Min at Fast Process Corner)
  Requirement:            0.000ns  (ClkPort rise@0.000ns - ClkPort rise@0.000ns)
  Data Path Delay:        0.333ns  (logic 0.246ns (73.853%)  route 0.087ns (26.147%))
  Logic Levels:           1  (LUT6=1)
  Clock Path Skew:        0.000ns (DCD - SCD - CPR)
    Destination Clock Delay (DCD):    2.001ns
    Source Clock Delay      (SCD):    1.484ns
    Clock Pessimism Removal (CPR):    0.516ns

    Location             Delay type                Incr(ns)  Path(ns)    Netlist Resource(s)
  -------------------------------------------------------------------    -------------------
                         (clock ClkPort rise edge)    0.000     0.000 r  
    E3                                                0.000     0.000 r  ClkPort (IN)
                         net (fo=0)                   0.000     0.000    ClkPort
    E3                   IBUF (Prop_ibuf_I_O)         0.250     0.250 r  ClkPort_IBUF_inst/O
                         net (fo=1, routed)           0.644     0.894    ClkPort_IBUF
    BUFGCTRL_X0Y16       BUFG (Prop_bufg_I_O)         0.026     0.920 r  ClkPort_IBUF_BUFG_inst/O
                         net (fo=275, routed)         0.565     1.484    debouncer_C/ClkPort_IBUF_BUFG
    SLICE_X60Y91         FDRE                                         r  debouncer_C/MCEN_count_reg[1]/C
  -------------------------------------------------------------------    -------------------
    SLICE_X60Y91         FDRE (Prop_fdre_C_Q)         0.148     1.632 r  debouncer_C/MCEN_count_reg[1]/Q
                         net (fo=4, routed)           0.087     1.719    debouncer_C/MCEN_count_reg_n_0_[1]
    SLICE_X60Y91         LUT6 (Prop_lut6_I3_O)        0.098     1.817 r  debouncer_C/MCEN_count[2]_i_1__3/O
                         net (fo=1, routed)           0.000     1.817    debouncer_C/MCEN_count[2]_i_1__3_n_0
    SLICE_X60Y91         FDRE                                         r  debouncer_C/MCEN_count_reg[2]/D
  -------------------------------------------------------------------    -------------------

                         (clock ClkPort rise edge)    0.000     0.000 r  
    E3                                                0.000     0.000 r  ClkPort (IN)
                         net (fo=0)                   0.000     0.000    ClkPort
    E3                   IBUF (Prop_ibuf_I_O)         0.438     0.438 r  ClkPort_IBUF_inst/O
                         net (fo=1, routed)           0.699     1.136    ClkPort_IBUF
    BUFGCTRL_X0Y16       BUFG (Prop_bufg_I_O)         0.029     1.165 r  ClkPort_IBUF_BUFG_inst/O
                         net (fo=275, routed)         0.836     2.001    debouncer_C/ClkPort_IBUF_BUFG
    SLICE_X60Y91         FDRE                                         r  debouncer_C/MCEN_count_reg[2]/C
                         clock pessimism             -0.516     1.484    
    SLICE_X60Y91         FDRE (Hold_fdre_C_D)         0.121     1.605    debouncer_C/MCEN_count_reg[2]
  -------------------------------------------------------------------
                         required time                         -1.605    
                         arrival time                           1.817    
  -------------------------------------------------------------------
                         slack                                  0.212    

Slack (MET) :             0.213ns  (arrival time - required time)
  Source:                 debouncer_U/FSM_sequential_state_reg[3]/C
                            (rising edge-triggered cell FDCE clocked by ClkPort  {rise@0.000ns fall@5.000ns period=10.000ns})
  Destination:            debouncer_U/FSM_sequential_state_reg[1]/D
                            (rising edge-triggered cell FDCE clocked by ClkPort  {rise@0.000ns fall@5.000ns period=10.000ns})
  Path Group:             ClkPort
  Path Type:              Hold (Min at Fast Process Corner)
  Requirement:            0.000ns  (ClkPort rise@0.000ns - ClkPort rise@0.000ns)
  Data Path Delay:        0.318ns  (logic 0.186ns (58.493%)  route 0.132ns (41.507%))
  Logic Levels:           1  (LUT6=1)
  Clock Path Skew:        0.013ns (DCD - SCD - CPR)
    Destination Clock Delay (DCD):    1.998ns
    Source Clock Delay      (SCD):    1.482ns
    Clock Pessimism Removal (CPR):    0.502ns

    Location             Delay type                Incr(ns)  Path(ns)    Netlist Resource(s)
  -------------------------------------------------------------------    -------------------
                         (clock ClkPort rise edge)    0.000     0.000 r  
    E3                                                0.000     0.000 r  ClkPort (IN)
                         net (fo=0)                   0.000     0.000    ClkPort
    E3                   IBUF (Prop_ibuf_I_O)         0.250     0.250 r  ClkPort_IBUF_inst/O
                         net (fo=1, routed)           0.644     0.894    ClkPort_IBUF
    BUFGCTRL_X0Y16       BUFG (Prop_bufg_I_O)         0.026     0.920 r  ClkPort_IBUF_BUFG_inst/O
                         net (fo=275, routed)         0.563     1.482    debouncer_U/ClkPort_IBUF_BUFG
    SLICE_X52Y92         FDCE                                         r  debouncer_U/FSM_sequential_state_reg[3]/C
  -------------------------------------------------------------------    -------------------
    SLICE_X52Y92         FDCE (Prop_fdce_C_Q)         0.141     1.623 r  debouncer_U/FSM_sequential_state_reg[3]/Q
                         net (fo=10, routed)          0.132     1.755    debouncer_U/state__0[3]
    SLICE_X53Y92         LUT6 (Prop_lut6_I4_O)        0.045     1.800 r  debouncer_U/FSM_sequential_state[1]_i_1/O
                         net (fo=1, routed)           0.000     1.800    debouncer_U/state__1[1]
    SLICE_X53Y92         FDCE                                         r  debouncer_U/FSM_sequential_state_reg[1]/D
  -------------------------------------------------------------------    -------------------

                         (clock ClkPort rise edge)    0.000     0.000 r  
    E3                                                0.000     0.000 r  ClkPort (IN)
                         net (fo=0)                   0.000     0.000    ClkPort
    E3                   IBUF (Prop_ibuf_I_O)         0.438     0.438 r  ClkPort_IBUF_inst/O
                         net (fo=1, routed)           0.699     1.136    ClkPort_IBUF
    BUFGCTRL_X0Y16       BUFG (Prop_bufg_I_O)         0.029     1.165 r  ClkPort_IBUF_BUFG_inst/O
                         net (fo=275, routed)         0.833     1.998    debouncer_U/ClkPort_IBUF_BUFG
    SLICE_X53Y92         FDCE                                         r  debouncer_U/FSM_sequential_state_reg[1]/C
                         clock pessimism             -0.502     1.495    
    SLICE_X53Y92         FDCE (Hold_fdce_C_D)         0.092     1.587    debouncer_U/FSM_sequential_state_reg[1]
  -------------------------------------------------------------------
                         required time                         -1.587    
                         arrival time                           1.800    
  -------------------------------------------------------------------
                         slack                                  0.213    

Slack (MET) :             0.221ns  (arrival time - required time)
  Source:                 <hidden>
                            (rising edge-triggered cell FDRE clocked by ClkPort  {rise@0.000ns fall@5.000ns period=10.000ns})
  Destination:            <hidden>
                            (rising edge-triggered cell FDRE clocked by ClkPort  {rise@0.000ns fall@5.000ns period=10.000ns})
  Path Group:             ClkPort
  Path Type:              Hold (Min at Fast Process Corner)
  Requirement:            0.000ns  (ClkPort rise@0.000ns - ClkPort rise@0.000ns)
  Data Path Delay:        0.280ns  (logic 0.164ns (58.537%)  route 0.116ns (41.463%))
  Logic Levels:           0  
  Clock Path Skew:        0.000ns (DCD - SCD - CPR)
    Destination Clock Delay (DCD):    1.992ns
    Source Clock Delay      (SCD):    1.477ns
    Clock Pessimism Removal (CPR):    0.514ns

    Location             Delay type                Incr(ns)  Path(ns)    Netlist Resource(s)
  -------------------------------------------------------------------    -------------------
                         (clock ClkPort rise edge)    0.000     0.000 r  
    E3                                                0.000     0.000 r  ClkPort (IN)
                         net (fo=0)                   0.000     0.000    ClkPort
    E3                   IBUF (Prop_ibuf_I_O)         0.250     0.250 r  ClkPort_IBUF_inst/O
                         net (fo=1, routed)           0.644     0.894    ClkPort_IBUF
    BUFGCTRL_X0Y16       BUFG (Prop_bufg_I_O)         0.026     0.920 r  ClkPort_IBUF_BUFG_inst/O
                         net (fo=275, routed)         0.558     1.477    <hidden>
    SLICE_X66Y77         FDRE                                         r  <hidden>
  -------------------------------------------------------------------    -------------------
    SLICE_X66Y77         FDRE (Prop_fdre_C_Q)         0.164     1.641 r  <hidden>
                         net (fo=1, routed)           0.116     1.757    <hidden>
    SLICE_X66Y77         FDRE                                         r  <hidden>
  -------------------------------------------------------------------    -------------------

                         (clock ClkPort rise edge)    0.000     0.000 r  
    E3                                                0.000     0.000 r  ClkPort (IN)
                         net (fo=0)                   0.000     0.000    ClkPort
    E3                   IBUF (Prop_ibuf_I_O)         0.438     0.438 r  ClkPort_IBUF_inst/O
                         net (fo=1, routed)           0.699     1.136    ClkPort_IBUF
    BUFGCTRL_X0Y16       BUFG (Prop_bufg_I_O)         0.029     1.165 r  ClkPort_IBUF_BUFG_inst/O
                         net (fo=275, routed)         0.827     1.992    <hidden>
    SLICE_X66Y77         FDRE                                         r  <hidden>
                         clock pessimism             -0.514     1.477    
    SLICE_X66Y77         FDRE (Hold_fdre_C_D)         0.059     1.536    <hidden>
  -------------------------------------------------------------------
                         required time                         -1.536    
                         arrival time                           1.757    
  -------------------------------------------------------------------
                         slack                                  0.221    





Pulse Width Checks
--------------------------------------------------------------------------------------
Clock Name:         ClkPort
Waveform(ns):       { 0.000 5.000 }
Period(ns):         10.000
Sources:            { ClkPort }

Check Type        Corner  Lib Pin             Reference Pin  Required(ns)  Actual(ns)  Slack(ns)  Location      Pin
Min Period        n/a     RAMB36E1/CLKARDCLK  n/a            2.576         10.000      7.424      RAMB36_X0Y16  <hidden>
Min Period        n/a     RAMB36E1/CLKBWRCLK  n/a            2.576         10.000      7.424      RAMB36_X0Y16  <hidden>
Min Period        n/a     RAMB36E1/CLKARDCLK  n/a            2.576         10.000      7.424      RAMB36_X2Y7   <hidden>
Min Period        n/a     RAMB36E1/CLKBWRCLK  n/a            2.576         10.000      7.424      RAMB36_X2Y7   <hidden>
Min Period        n/a     RAMB36E1/CLKARDCLK  n/a            2.576         10.000      7.424      RAMB36_X1Y5   <hidden>
Min Period        n/a     RAMB36E1/CLKBWRCLK  n/a            2.576         10.000      7.424      RAMB36_X1Y5   <hidden>
Min Period        n/a     RAMB36E1/CLKARDCLK  n/a            2.576         10.000      7.424      RAMB36_X1Y6   <hidden>
Min Period        n/a     RAMB36E1/CLKBWRCLK  n/a            2.576         10.000      7.424      RAMB36_X1Y6   <hidden>
Min Period        n/a     RAMB36E1/CLKARDCLK  n/a            2.576         10.000      7.424      RAMB36_X1Y8   <hidden>
Min Period        n/a     RAMB36E1/CLKBWRCLK  n/a            2.576         10.000      7.424      RAMB36_X1Y8   <hidden>
Low Pulse Width   Slow    FDCE/C              n/a            0.500         5.000       4.500      SLICE_X52Y84  DIV_CLK_reg[0]/C
Low Pulse Width   Fast    FDCE/C              n/a            0.500         5.000       4.500      SLICE_X52Y84  DIV_CLK_reg[0]/C
Low Pulse Width   Slow    FDCE/C              n/a            0.500         5.000       4.500      SLICE_X52Y86  DIV_CLK_reg[10]/C
Low Pulse Width   Fast    FDCE/C              n/a            0.500         5.000       4.500      SLICE_X52Y86  DIV_CLK_reg[10]/C
Low Pulse Width   Slow    FDCE/C              n/a            0.500         5.000       4.500      SLICE_X52Y86  DIV_CLK_reg[11]/C
Low Pulse Width   Fast    FDCE/C              n/a            0.500         5.000       4.500      SLICE_X52Y86  DIV_CLK_reg[11]/C
Low Pulse Width   Slow    FDCE/C              n/a            0.500         5.000       4.500      SLICE_X52Y87  DIV_CLK_reg[12]/C
Low Pulse Width   Fast    FDCE/C              n/a            0.500         5.000       4.500      SLICE_X52Y87  DIV_CLK_reg[12]/C
Low Pulse Width   Slow    FDCE/C              n/a            0.500         5.000       4.500      SLICE_X52Y87  DIV_CLK_reg[13]/C
Low Pulse Width   Fast    FDCE/C              n/a            0.500         5.000       4.500      SLICE_X52Y87  DIV_CLK_reg[13]/C
High Pulse Width  Slow    FDCE/C              n/a            0.500         5.000       4.500      SLICE_X52Y84  DIV_CLK_reg[0]/C
High Pulse Width  Fast    FDCE/C              n/a            0.500         5.000       4.500      SLICE_X52Y84  DIV_CLK_reg[0]/C
High Pulse Width  Slow    FDCE/C              n/a            0.500         5.000       4.500      SLICE_X52Y86  DIV_CLK_reg[10]/C
High Pulse Width  Fast    FDCE/C              n/a            0.500         5.000       4.500      SLICE_X52Y86  DIV_CLK_reg[10]/C
High Pulse Width  Slow    FDCE/C              n/a            0.500         5.000       4.500      SLICE_X52Y86  DIV_CLK_reg[11]/C
High Pulse Width  Fast    FDCE/C              n/a            0.500         5.000       4.500      SLICE_X52Y86  DIV_CLK_reg[11]/C
High Pulse Width  Slow    FDCE/C              n/a            0.500         5.000       4.500      SLICE_X52Y87  DIV_CLK_reg[12]/C
High Pulse Width  Fast    FDCE/C              n/a            0.500         5.000       4.500      SLICE_X52Y87  DIV_CLK_reg[12]/C
High Pulse Width  Slow    FDCE/C              n/a            0.500         5.000       4.500      SLICE_X52Y87  DIV_CLK_reg[13]/C
High Pulse Width  Fast    FDCE/C              n/a            0.500         5.000       4.500      SLICE_X52Y87  DIV_CLK_reg[13]/C



--------------------------------------------------------------------------------------
Path Group:  (none)
From Clock:  
  To Clock:  

Max Delay           114 Endpoints
Min Delay           114 Endpoints
--------------------------------------------------------------------------------------


Max Delay Paths
--------------------------------------------------------------------------------------
Slack:                    inf
  Source:                 dc/hCount_reg[1]/C
                            (rising edge-triggered cell FDRE)
  Destination:            vgaB[3]
                            (output port)
  Path Group:             (none)
  Path Type:              Max at Slow Process Corner
  Data Path Delay:        15.926ns  (logic 5.175ns (32.491%)  route 10.751ns (67.509%))
  Logic Levels:           8  (FDRE=1 LUT3=1 LUT4=1 LUT5=2 LUT6=2 OBUF=1)

    Location             Delay type                Incr(ns)  Path(ns)    Netlist Resource(s)
  -------------------------------------------------------------------    -------------------
    SLICE_X60Y81         FDRE                         0.000     0.000 r  dc/hCount_reg[1]/C
    SLICE_X60Y81         FDRE (Prop_fdre_C_Q)         0.478     0.478 r  dc/hCount_reg[1]/Q
                         net (fo=24, routed)          1.338     1.816    dc/hCount_reg[8]_1[1]
    SLICE_X58Y80         LUT4 (Prop_lut4_I1_O)        0.321     2.137 f  dc/vgaR_OBUF[3]_inst_i_67/O
                         net (fo=2, routed)           0.823     2.961    dc/vgaR_OBUF[3]_inst_i_67_n_0
    SLICE_X58Y81         LUT6 (Prop_lut6_I0_O)        0.328     3.289 f  dc/vgaR_OBUF[3]_inst_i_36/O
                         net (fo=6, routed)           1.840     5.129    dc/hCount_reg[4]_0
    SLICE_X64Y85         LUT3 (Prop_lut3_I0_O)        0.124     5.253 f  dc/vgaR_OBUF[3]_inst_i_16/O
                         net (fo=2, routed)           0.921     6.174    dc/board_reg[6]
    SLICE_X68Y84         LUT6 (Prop_lut6_I3_O)        0.124     6.298 r  dc/vgaB_OBUF[3]_inst_i_5/O
                         net (fo=1, routed)           0.615     6.913    dc/vgaB_OBUF[3]_inst_i_5_n_0
    SLICE_X66Y84         LUT5 (Prop_lut5_I2_O)        0.124     7.037 r  dc/vgaB_OBUF[3]_inst_i_3/O
                         net (fo=4, routed)           0.969     8.006    dc/vgaB_OBUF[3]_inst_i_3_n_0
    SLICE_X65Y83         LUT5 (Prop_lut5_I3_O)        0.124     8.130 r  dc/vgaB_OBUF[3]_inst_i_1/O
                         net (fo=1, routed)           4.244    12.374    vgaB_OBUF[3]
    D8                   OBUF (Prop_obuf_I_O)         3.552    15.926 r  vgaB_OBUF[3]_inst/O
                         net (fo=0)                   0.000    15.926    vgaB[3]
    D8                                                                r  vgaB[3] (OUT)
  -------------------------------------------------------------------    -------------------

Slack:                    inf
  Source:                 dc/hCount_reg[1]/C
                            (rising edge-triggered cell FDRE)
  Destination:            vgaB[0]
                            (output port)
  Path Group:             (none)
  Path Type:              Max at Slow Process Corner
  Data Path Delay:        15.827ns  (logic 5.170ns (32.666%)  route 10.657ns (67.334%))
  Logic Levels:           8  (FDRE=1 LUT3=1 LUT4=1 LUT5=2 LUT6=2 OBUF=1)

    Location             Delay type                Incr(ns)  Path(ns)    Netlist Resource(s)
  -------------------------------------------------------------------    -------------------
    SLICE_X60Y81         FDRE                         0.000     0.000 r  dc/hCount_reg[1]/C
    SLICE_X60Y81         FDRE (Prop_fdre_C_Q)         0.478     0.478 r  dc/hCount_reg[1]/Q
                         net (fo=24, routed)          1.338     1.816    dc/hCount_reg[8]_1[1]
    SLICE_X58Y80         LUT4 (Prop_lut4_I1_O)        0.321     2.137 f  dc/vgaR_OBUF[3]_inst_i_67/O
                         net (fo=2, routed)           0.823     2.961    dc/vgaR_OBUF[3]_inst_i_67_n_0
    SLICE_X58Y81         LUT6 (Prop_lut6_I0_O)        0.328     3.289 f  dc/vgaR_OBUF[3]_inst_i_36/O
                         net (fo=6, routed)           1.840     5.129    dc/hCount_reg[4]_0
    SLICE_X64Y85         LUT3 (Prop_lut3_I0_O)        0.124     5.253 f  dc/vgaR_OBUF[3]_inst_i_16/O
                         net (fo=2, routed)           0.921     6.174    dc/board_reg[6]
    SLICE_X68Y84         LUT6 (Prop_lut6_I3_O)        0.124     6.298 r  dc/vgaB_OBUF[3]_inst_i_5/O
                         net (fo=1, routed)           0.615     6.913    dc/vgaB_OBUF[3]_inst_i_5_n_0
    SLICE_X66Y84         LUT5 (Prop_lut5_I2_O)        0.124     7.037 r  dc/vgaB_OBUF[3]_inst_i_3/O
                         net (fo=4, routed)           0.830     7.867    dc/vgaB_OBUF[3]_inst_i_3_n_0
    SLICE_X66Y83         LUT5 (Prop_lut5_I4_O)        0.124     7.991 r  dc/vgaB_OBUF[0]_inst_i_1/O
                         net (fo=1, routed)           4.289    12.280    vgaB_OBUF[0]
    B7                   OBUF (Prop_obuf_I_O)         3.547    15.827 r  vgaB_OBUF[0]_inst/O
                         net (fo=0)                   0.000    15.827    vgaB[0]
    B7                                                                r  vgaB[0] (OUT)
  -------------------------------------------------------------------    -------------------

Slack:                    inf
  Source:                 dc/hCount_reg[1]/C
                            (rising edge-triggered cell FDRE)
  Destination:            vgaG[3]
                            (output port)
  Path Group:             (none)
  Path Type:              Max at Slow Process Corner
  Data Path Delay:        15.777ns  (logic 5.368ns (34.027%)  route 10.408ns (65.973%))
  Logic Levels:           8  (FDRE=1 LUT2=1 LUT4=2 LUT6=3 OBUF=1)

    Location             Delay type                Incr(ns)  Path(ns)    Netlist Resource(s)
  -------------------------------------------------------------------    -------------------
    SLICE_X60Y81         FDRE                         0.000     0.000 r  dc/hCount_reg[1]/C
    SLICE_X60Y81         FDRE (Prop_fdre_C_Q)         0.478     0.478 f  dc/hCount_reg[1]/Q
                         net (fo=24, routed)          1.338     1.816    dc/hCount_reg[8]_1[1]
    SLICE_X58Y80         LUT4 (Prop_lut4_I1_O)        0.321     2.137 r  dc/vgaR_OBUF[3]_inst_i_67/O
                         net (fo=2, routed)           0.823     2.961    dc/vgaR_OBUF[3]_inst_i_67_n_0
    SLICE_X58Y81         LUT6 (Prop_lut6_I0_O)        0.328     3.289 r  dc/vgaR_OBUF[3]_inst_i_36/O
                         net (fo=6, routed)           1.446     4.734    dc/hCount_reg[4]_0
    SLICE_X64Y85         LUT2 (Prop_lut2_I0_O)        0.120     4.854 r  dc/vgaR_OBUF[3]_inst_i_34/O
                         net (fo=1, routed)           0.586     5.440    dc/vgaR_OBUF[3]_inst_i_34_n_0
    SLICE_X63Y85         LUT6 (Prop_lut6_I3_O)        0.327     5.767 r  dc/vgaR_OBUF[3]_inst_i_12/O
                         net (fo=2, routed)           0.807     6.575    bc/vgaG_OBUF[3]_inst_i_1_0
    SLICE_X64Y83         LUT6 (Prop_lut6_I2_O)        0.124     6.699 f  bc/vgaR_OBUF[3]_inst_i_5/O
                         net (fo=3, routed)           0.973     7.672    dc/vgaB[3]_0
    SLICE_X66Y83         LUT4 (Prop_lut4_I3_O)        0.124     7.796 r  dc/vgaG_OBUF[3]_inst_i_1/O
                         net (fo=1, routed)           4.434    12.230    vgaG_OBUF[3]
    A6                   OBUF (Prop_obuf_I_O)         3.546    15.777 r  vgaG_OBUF[3]_inst/O
                         net (fo=0)                   0.000    15.777    vgaG[3]
    A6                                                                r  vgaG[3] (OUT)
  -------------------------------------------------------------------    -------------------

Slack:                    inf
  Source:                 dc/hCount_reg[1]/C
                            (rising edge-triggered cell FDRE)
  Destination:            vgaG[1]
                            (output port)
  Path Group:             (none)
  Path Type:              Max at Slow Process Corner
  Data Path Delay:        15.650ns  (logic 5.597ns (35.762%)  route 10.053ns (64.238%))
  Logic Levels:           8  (FDRE=1 LUT2=1 LUT4=2 LUT6=3 OBUF=1)

    Location             Delay type                Incr(ns)  Path(ns)    Netlist Resource(s)
  -------------------------------------------------------------------    -------------------
    SLICE_X60Y81         FDRE                         0.000     0.000 r  dc/hCount_reg[1]/C
    SLICE_X60Y81         FDRE (Prop_fdre_C_Q)         0.478     0.478 f  dc/hCount_reg[1]/Q
                         net (fo=24, routed)          1.338     1.816    dc/hCount_reg[8]_1[1]
    SLICE_X58Y80         LUT4 (Prop_lut4_I1_O)        0.321     2.137 r  dc/vgaR_OBUF[3]_inst_i_67/O
                         net (fo=2, routed)           0.823     2.961    dc/vgaR_OBUF[3]_inst_i_67_n_0
    SLICE_X58Y81         LUT6 (Prop_lut6_I0_O)        0.328     3.289 r  dc/vgaR_OBUF[3]_inst_i_36/O
                         net (fo=6, routed)           1.446     4.734    dc/hCount_reg[4]_0
    SLICE_X64Y85         LUT2 (Prop_lut2_I0_O)        0.120     4.854 r  dc/vgaR_OBUF[3]_inst_i_34/O
                         net (fo=1, routed)           0.586     5.440    dc/vgaR_OBUF[3]_inst_i_34_n_0
    SLICE_X63Y85         LUT6 (Prop_lut6_I3_O)        0.327     5.767 r  dc/vgaR_OBUF[3]_inst_i_12/O
                         net (fo=2, routed)           0.581     6.349    dc/game_clk_reg[26]
    SLICE_X64Y83         LUT6 (Prop_lut6_I4_O)        0.124     6.473 f  dc/vgaR_OBUF[2]_inst_i_2/O
                         net (fo=9, routed)           0.832     7.304    dc/vgaR_OBUF[2]_inst_i_2_n_0
    SLICE_X64Y82         LUT4 (Prop_lut4_I3_O)        0.152     7.456 r  dc/vgaG_OBUF[1]_inst_i_1/O
                         net (fo=1, routed)           4.447    11.903    vgaG_OBUF[1]
    A5                   OBUF (Prop_obuf_I_O)         3.747    15.650 r  vgaG_OBUF[1]_inst/O
                         net (fo=0)                   0.000    15.650    vgaG[1]
    A5                                                                r  vgaG[1] (OUT)
  -------------------------------------------------------------------    -------------------

Slack:                    inf
  Source:                 dc/hCount_reg[1]/C
                            (rising edge-triggered cell FDRE)
  Destination:            vgaR[2]
                            (output port)
  Path Group:             (none)
  Path Type:              Max at Slow Process Corner
  Data Path Delay:        15.594ns  (logic 5.158ns (33.079%)  route 10.435ns (66.921%))
  Logic Levels:           8  (FDRE=1 LUT3=1 LUT4=1 LUT5=1 LUT6=3 OBUF=1)

    Location             Delay type                Incr(ns)  Path(ns)    Netlist Resource(s)
  -------------------------------------------------------------------    -------------------
    SLICE_X60Y81         FDRE                         0.000     0.000 r  dc/hCount_reg[1]/C
    SLICE_X60Y81         FDRE (Prop_fdre_C_Q)         0.478     0.478 r  dc/hCount_reg[1]/Q
                         net (fo=24, routed)          1.338     1.816    dc/hCount_reg[8]_1[1]
    SLICE_X58Y80         LUT4 (Prop_lut4_I1_O)        0.321     2.137 f  dc/vgaR_OBUF[3]_inst_i_67/O
                         net (fo=2, routed)           0.823     2.961    dc/vgaR_OBUF[3]_inst_i_67_n_0
    SLICE_X58Y81         LUT6 (Prop_lut6_I0_O)        0.328     3.289 f  dc/vgaR_OBUF[3]_inst_i_36/O
                         net (fo=6, routed)           1.446     4.734    dc/hCount_reg[4]_0
    SLICE_X64Y85         LUT3 (Prop_lut3_I1_O)        0.124     4.858 f  dc/vgaR_OBUF[3]_inst_i_24/O
                         net (fo=2, routed)           0.820     5.678    bc/vgaR_OBUF[3]_inst_i_4_1
    SLICE_X66Y85         LUT6 (Prop_lut6_I0_O)        0.124     5.802 r  bc/vgaR_OBUF[3]_inst_i_10/O
                         net (fo=1, routed)           0.877     6.679    bc/vgaR_OBUF[3]_inst_i_10_n_0
    SLICE_X68Y84         LUT6 (Prop_lut6_I5_O)        0.124     6.803 r  bc/vgaR_OBUF[3]_inst_i_4/O
                         net (fo=4, routed)           0.669     7.472    dc/vgaR[0]_0
    SLICE_X67Y83         LUT5 (Prop_lut5_I2_O)        0.124     7.596 r  dc/vgaR_OBUF[2]_inst_i_1/O
                         net (fo=1, routed)           4.463    12.058    vgaR_OBUF[2]
    C5                   OBUF (Prop_obuf_I_O)         3.535    15.594 r  vgaR_OBUF[2]_inst/O
                         net (fo=0)                   0.000    15.594    vgaR[2]
    C5                                                                r  vgaR[2] (OUT)
  -------------------------------------------------------------------    -------------------

Slack:                    inf
  Source:                 dc/hCount_reg[1]/C
                            (rising edge-triggered cell FDRE)
  Destination:            vgaB[2]
                            (output port)
  Path Group:             (none)
  Path Type:              Max at Slow Process Corner
  Data Path Delay:        15.582ns  (logic 5.146ns (33.028%)  route 10.435ns (66.972%))
  Logic Levels:           8  (FDRE=1 LUT3=1 LUT4=1 LUT5=2 LUT6=2 OBUF=1)

    Location             Delay type                Incr(ns)  Path(ns)    Netlist Resource(s)
  -------------------------------------------------------------------    -------------------
    SLICE_X60Y81         FDRE                         0.000     0.000 r  dc/hCount_reg[1]/C
    SLICE_X60Y81         FDRE (Prop_fdre_C_Q)         0.478     0.478 r  dc/hCount_reg[1]/Q
                         net (fo=24, routed)          1.338     1.816    dc/hCount_reg[8]_1[1]
    SLICE_X58Y80         LUT4 (Prop_lut4_I1_O)        0.321     2.137 f  dc/vgaR_OBUF[3]_inst_i_67/O
                         net (fo=2, routed)           0.823     2.961    dc/vgaR_OBUF[3]_inst_i_67_n_0
    SLICE_X58Y81         LUT6 (Prop_lut6_I0_O)        0.328     3.289 f  dc/vgaR_OBUF[3]_inst_i_36/O
                         net (fo=6, routed)           1.840     5.129    dc/hCount_reg[4]_0
    SLICE_X64Y85         LUT3 (Prop_lut3_I0_O)        0.124     5.253 f  dc/vgaR_OBUF[3]_inst_i_16/O
                         net (fo=2, routed)           0.921     6.174    dc/board_reg[6]
    SLICE_X68Y84         LUT6 (Prop_lut6_I3_O)        0.124     6.298 r  dc/vgaB_OBUF[3]_inst_i_5/O
                         net (fo=1, routed)           0.615     6.913    dc/vgaB_OBUF[3]_inst_i_5_n_0
    SLICE_X66Y84         LUT5 (Prop_lut5_I2_O)        0.124     7.037 r  dc/vgaB_OBUF[3]_inst_i_3/O
                         net (fo=4, routed)           0.677     7.714    dc/vgaB_OBUF[3]_inst_i_3_n_0
    SLICE_X66Y83         LUT5 (Prop_lut5_I4_O)        0.124     7.838 r  dc/vgaB_OBUF[2]_inst_i_1/O
                         net (fo=1, routed)           4.220    12.058    vgaB_OBUF[2]
    D7                   OBUF (Prop_obuf_I_O)         3.523    15.582 r  vgaB_OBUF[2]_inst/O
                         net (fo=0)                   0.000    15.582    vgaB[2]
    D7                                                                r  vgaB[2] (OUT)
  -------------------------------------------------------------------    -------------------

Slack:                    inf
  Source:                 dc/hCount_reg[1]/C
                            (rising edge-triggered cell FDRE)
  Destination:            vgaR[3]
                            (output port)
  Path Group:             (none)
  Path Type:              Max at Slow Process Corner
  Data Path Delay:        15.393ns  (logic 5.374ns (34.910%)  route 10.019ns (65.090%))
  Logic Levels:           8  (FDRE=1 LUT2=1 LUT4=1 LUT5=1 LUT6=3 OBUF=1)

    Location             Delay type                Incr(ns)  Path(ns)    Netlist Resource(s)
  -------------------------------------------------------------------    -------------------
    SLICE_X60Y81         FDRE                         0.000     0.000 r  dc/hCount_reg[1]/C
    SLICE_X60Y81         FDRE (Prop_fdre_C_Q)         0.478     0.478 f  dc/hCount_reg[1]/Q
                         net (fo=24, routed)          1.338     1.816    dc/hCount_reg[8]_1[1]
    SLICE_X58Y80         LUT4 (Prop_lut4_I1_O)        0.321     2.137 r  dc/vgaR_OBUF[3]_inst_i_67/O
                         net (fo=2, routed)           0.823     2.961    dc/vgaR_OBUF[3]_inst_i_67_n_0
    SLICE_X58Y81         LUT6 (Prop_lut6_I0_O)        0.328     3.289 r  dc/vgaR_OBUF[3]_inst_i_36/O
                         net (fo=6, routed)           1.446     4.734    dc/hCount_reg[4]_0
    SLICE_X64Y85         LUT2 (Prop_lut2_I0_O)        0.120     4.854 r  dc/vgaR_OBUF[3]_inst_i_34/O
                         net (fo=1, routed)           0.586     5.440    dc/vgaR_OBUF[3]_inst_i_34_n_0
    SLICE_X63Y85         LUT6 (Prop_lut6_I3_O)        0.327     5.767 r  dc/vgaR_OBUF[3]_inst_i_12/O
                         net (fo=2, routed)           0.807     6.575    bc/vgaG_OBUF[3]_inst_i_1_0
    SLICE_X64Y83         LUT6 (Prop_lut6_I2_O)        0.124     6.699 f  bc/vgaR_OBUF[3]_inst_i_5/O
                         net (fo=3, routed)           0.979     7.678    bc/board_flash_reg_2
    SLICE_X66Y83         LUT5 (Prop_lut5_I4_O)        0.124     7.802 r  bc/vgaR_OBUF[3]_inst_i_1/O
                         net (fo=1, routed)           4.039    11.841    vgaR_OBUF[3]
    A4                   OBUF (Prop_obuf_I_O)         3.552    15.393 r  vgaR_OBUF[3]_inst/O
                         net (fo=0)                   0.000    15.393    vgaR[3]
    A4                                                                r  vgaR[3] (OUT)
  -------------------------------------------------------------------    -------------------

Slack:                    inf
  Source:                 dc/hCount_reg[1]/C
                            (rising edge-triggered cell FDRE)
  Destination:            vgaG[0]
                            (output port)
  Path Group:             (none)
  Path Type:              Max at Slow Process Corner
  Data Path Delay:        15.327ns  (logic 5.360ns (34.972%)  route 9.967ns (65.028%))
  Logic Levels:           8  (FDRE=1 LUT2=1 LUT4=2 LUT6=3 OBUF=1)

    Location             Delay type                Incr(ns)  Path(ns)    Netlist Resource(s)
  -------------------------------------------------------------------    -------------------
    SLICE_X60Y81         FDRE                         0.000     0.000 r  dc/hCount_reg[1]/C
    SLICE_X60Y81         FDRE (Prop_fdre_C_Q)         0.478     0.478 f  dc/hCount_reg[1]/Q
                         net (fo=24, routed)          1.338     1.816    dc/hCount_reg[8]_1[1]
    SLICE_X58Y80         LUT4 (Prop_lut4_I1_O)        0.321     2.137 r  dc/vgaR_OBUF[3]_inst_i_67/O
                         net (fo=2, routed)           0.823     2.961    dc/vgaR_OBUF[3]_inst_i_67_n_0
    SLICE_X58Y81         LUT6 (Prop_lut6_I0_O)        0.328     3.289 r  dc/vgaR_OBUF[3]_inst_i_36/O
                         net (fo=6, routed)           1.446     4.734    dc/hCount_reg[4]_0
    SLICE_X64Y85         LUT2 (Prop_lut2_I0_O)        0.120     4.854 r  dc/vgaR_OBUF[3]_inst_i_34/O
                         net (fo=1, routed)           0.586     5.440    dc/vgaR_OBUF[3]_inst_i_34_n_0
    SLICE_X63Y85         LUT6 (Prop_lut6_I3_O)        0.327     5.767 r  dc/vgaR_OBUF[3]_inst_i_12/O
                         net (fo=2, routed)           0.581     6.349    dc/game_clk_reg[26]
    SLICE_X64Y83         LUT6 (Prop_lut6_I4_O)        0.124     6.473 f  dc/vgaR_OBUF[2]_inst_i_2/O
                         net (fo=9, routed)           0.832     7.304    dc/vgaR_OBUF[2]_inst_i_2_n_0
    SLICE_X64Y82         LUT4 (Prop_lut4_I3_O)        0.124     7.428 r  dc/vgaG_OBUF[0]_inst_i_1/O
                         net (fo=1, routed)           4.360    11.789    vgaG_OBUF[0]
    C6                   OBUF (Prop_obuf_I_O)         3.538    15.327 r  vgaG_OBUF[0]_inst/O
                         net (fo=0)                   0.000    15.327    vgaG[0]
    C6                                                                r  vgaG[0] (OUT)
  -------------------------------------------------------------------    -------------------

Slack:                    inf
  Source:                 dc/hCount_reg[1]/C
                            (rising edge-triggered cell FDRE)
  Destination:            vgaB[1]
                            (output port)
  Path Group:             (none)
  Path Type:              Max at Slow Process Corner
  Data Path Delay:        15.301ns  (logic 5.174ns (33.817%)  route 10.127ns (66.183%))
  Logic Levels:           8  (FDRE=1 LUT3=1 LUT4=1 LUT5=2 LUT6=2 OBUF=1)

    Location             Delay type                Incr(ns)  Path(ns)    Netlist Resource(s)
  -------------------------------------------------------------------    -------------------
    SLICE_X60Y81         FDRE                         0.000     0.000 r  dc/hCount_reg[1]/C
    SLICE_X60Y81         FDRE (Prop_fdre_C_Q)         0.478     0.478 r  dc/hCount_reg[1]/Q
                         net (fo=24, routed)          1.338     1.816    dc/hCount_reg[8]_1[1]
    SLICE_X58Y80         LUT4 (Prop_lut4_I1_O)        0.321     2.137 f  dc/vgaR_OBUF[3]_inst_i_67/O
                         net (fo=2, routed)           0.823     2.961    dc/vgaR_OBUF[3]_inst_i_67_n_0
    SLICE_X58Y81         LUT6 (Prop_lut6_I0_O)        0.328     3.289 f  dc/vgaR_OBUF[3]_inst_i_36/O
                         net (fo=6, routed)           1.840     5.129    dc/hCount_reg[4]_0
    SLICE_X64Y85         LUT3 (Prop_lut3_I0_O)        0.124     5.253 f  dc/vgaR_OBUF[3]_inst_i_16/O
                         net (fo=2, routed)           0.921     6.174    dc/board_reg[6]
    SLICE_X68Y84         LUT6 (Prop_lut6_I3_O)        0.124     6.298 r  dc/vgaB_OBUF[3]_inst_i_5/O
                         net (fo=1, routed)           0.615     6.913    dc/vgaB_OBUF[3]_inst_i_5_n_0
    SLICE_X66Y84         LUT5 (Prop_lut5_I2_O)        0.124     7.037 r  dc/vgaB_OBUF[3]_inst_i_3/O
                         net (fo=4, routed)           0.456     7.493    dc/vgaB_OBUF[3]_inst_i_3_n_0
    SLICE_X65Y83         LUT5 (Prop_lut5_I4_O)        0.124     7.617 r  dc/vgaB_OBUF[1]_inst_i_1/O
                         net (fo=1, routed)           4.132    11.750    vgaB_OBUF[1]
    C7                   OBUF (Prop_obuf_I_O)         3.551    15.301 r  vgaB_OBUF[1]_inst/O
                         net (fo=0)                   0.000    15.301    vgaB[1]
    C7                                                                r  vgaB[1] (OUT)
  -------------------------------------------------------------------    -------------------

Slack:                    inf
  Source:                 dc/hCount_reg[1]/C
                            (rising edge-triggered cell FDRE)
  Destination:            vgaR[1]
                            (output port)
  Path Group:             (none)
  Path Type:              Max at Slow Process Corner
  Data Path Delay:        14.963ns  (logic 5.171ns (34.561%)  route 9.791ns (65.439%))
  Logic Levels:           8  (FDRE=1 LUT3=1 LUT4=1 LUT5=1 LUT6=3 OBUF=1)

    Location             Delay type                Incr(ns)  Path(ns)    Netlist Resource(s)
  -------------------------------------------------------------------    -------------------
    SLICE_X60Y81         FDRE                         0.000     0.000 r  dc/hCount_reg[1]/C
    SLICE_X60Y81         FDRE (Prop_fdre_C_Q)         0.478     0.478 r  dc/hCount_reg[1]/Q
                         net (fo=24, routed)          1.338     1.816    dc/hCount_reg[8]_1[1]
    SLICE_X58Y80         LUT4 (Prop_lut4_I1_O)        0.321     2.137 f  dc/vgaR_OBUF[3]_inst_i_67/O
                         net (fo=2, routed)           0.823     2.961    dc/vgaR_OBUF[3]_inst_i_67_n_0
    SLICE_X58Y81         LUT6 (Prop_lut6_I0_O)        0.328     3.289 f  dc/vgaR_OBUF[3]_inst_i_36/O
                         net (fo=6, routed)           1.446     4.734    dc/hCount_reg[4]_0
    SLICE_X64Y85         LUT3 (Prop_lut3_I1_O)        0.124     4.858 f  dc/vgaR_OBUF[3]_inst_i_24/O
                         net (fo=2, routed)           0.820     5.678    bc/vgaR_OBUF[3]_inst_i_4_1
    SLICE_X66Y85         LUT6 (Prop_lut6_I0_O)        0.124     5.802 r  bc/vgaR_OBUF[3]_inst_i_10/O
                         net (fo=1, routed)           0.877     6.679    bc/vgaR_OBUF[3]_inst_i_10_n_0
    SLICE_X68Y84         LUT6 (Prop_lut6_I5_O)        0.124     6.803 r  bc/vgaR_OBUF[3]_inst_i_4/O
                         net (fo=4, routed)           0.584     7.387    dc/vgaR[0]_0
    SLICE_X67Y83         LUT5 (Prop_lut5_I4_O)        0.124     7.511 r  dc/vgaR_OBUF[1]_inst_i_1/O
                         net (fo=1, routed)           3.904    11.414    vgaR_OBUF[1]
    B4                   OBUF (Prop_obuf_I_O)         3.548    14.963 r  vgaR_OBUF[1]_inst/O
                         net (fo=0)                   0.000    14.963    vgaR[1]
    B4                                                                r  vgaR[1] (OUT)
  -------------------------------------------------------------------    -------------------





Min Delay Paths
--------------------------------------------------------------------------------------
Slack:                    inf
  Source:                 dc/vCount_reg[2]/C
                            (rising edge-triggered cell FDRE)
  Destination:            dc/vCount_reg[6]/D
  Path Group:             (none)
  Path Type:              Min at Fast Process Corner
  Data Path Delay:        0.325ns  (logic 0.186ns (57.277%)  route 0.139ns (42.723%))
  Logic Levels:           2  (FDRE=1 LUT6=1)

    Location             Delay type                Incr(ns)  Path(ns)    Netlist Resource(s)
  -------------------------------------------------------------------    -------------------
    SLICE_X59Y85         FDRE                         0.000     0.000 r  dc/vCount_reg[2]/C
    SLICE_X59Y85         FDRE (Prop_fdre_C_Q)         0.141     0.141 r  dc/vCount_reg[2]/Q
                         net (fo=38, routed)          0.139     0.280    dc/vc[2]
    SLICE_X58Y85         LUT6 (Prop_lut6_I3_O)        0.045     0.325 r  dc/vCount[6]_i_1/O
                         net (fo=1, routed)           0.000     0.325    dc/vCount[6]_i_1_n_0
    SLICE_X58Y85         FDRE                                         r  dc/vCount_reg[6]/D
  -------------------------------------------------------------------    -------------------

Slack:                    inf
  Source:                 bc/Player_Tie_Win_Count_reg[0]/C
                            (rising edge-triggered cell FDRE)
  Destination:            bc/Player_Tie_Win_Count_reg[0]/D
  Path Group:             (none)
  Path Type:              Min at Fast Process Corner
  Data Path Delay:        0.365ns  (logic 0.186ns (50.911%)  route 0.179ns (49.089%))
  Logic Levels:           2  (FDRE=1 LUT1=1)

    Location             Delay type                Incr(ns)  Path(ns)    Netlist Resource(s)
  -------------------------------------------------------------------    -------------------
    SLICE_X55Y89         FDRE                         0.000     0.000 r  bc/Player_Tie_Win_Count_reg[0]/C
    SLICE_X55Y89         FDRE (Prop_fdre_C_Q)         0.141     0.141 f  bc/Player_Tie_Win_Count_reg[0]/Q
                         net (fo=5, routed)           0.179     0.320    bc/SSD5[0]
    SLICE_X55Y89         LUT1 (Prop_lut1_I0_O)        0.045     0.365 r  bc/Player_Tie_Win_Count[0]_i_1/O
                         net (fo=1, routed)           0.000     0.365    bc/p_0_in__2[0]
    SLICE_X55Y89         FDRE                                         r  bc/Player_Tie_Win_Count_reg[0]/D
  -------------------------------------------------------------------    -------------------

Slack:                    inf
  Source:                 bc/Player_Tie_Win_Count_reg[0]/C
                            (rising edge-triggered cell FDRE)
  Destination:            bc/Player_Tie_Win_Count_reg[3]/D
  Path Group:             (none)
  Path Type:              Min at Fast Process Corner
  Data Path Delay:        0.365ns  (logic 0.184ns (50.364%)  route 0.181ns (49.636%))
  Logic Levels:           2  (FDRE=1 LUT4=1)

    Location             Delay type                Incr(ns)  Path(ns)    Netlist Resource(s)
  -------------------------------------------------------------------    -------------------
    SLICE_X55Y89         FDRE                         0.000     0.000 r  bc/Player_Tie_Win_Count_reg[0]/C
    SLICE_X55Y89         FDRE (Prop_fdre_C_Q)         0.141     0.141 r  bc/Player_Tie_Win_Count_reg[0]/Q
                         net (fo=5, routed)           0.181     0.322    bc/SSD5[0]
    SLICE_X55Y89         LUT4 (Prop_lut4_I2_O)        0.043     0.365 r  bc/Player_Tie_Win_Count[3]_i_2/O
                         net (fo=1, routed)           0.000     0.365    bc/p_0_in__2[3]
    SLICE_X55Y89         FDRE                                         r  bc/Player_Tie_Win_Count_reg[3]/D
  -------------------------------------------------------------------    -------------------

Slack:                    inf
  Source:                 bc/board_flash_reg/C
                            (rising edge-triggered cell FDCE)
  Destination:            bc/board_flash_reg/D
  Path Group:             (none)
  Path Type:              Min at Fast Process Corner
  Data Path Delay:        0.366ns  (logic 0.186ns (50.759%)  route 0.180ns (49.241%))
  Logic Levels:           2  (FDCE=1 LUT5=1)

    Location             Delay type                Incr(ns)  Path(ns)    Netlist Resource(s)
  -------------------------------------------------------------------    -------------------
    SLICE_X63Y85         FDCE                         0.000     0.000 r  bc/board_flash_reg/C
    SLICE_X63Y85         FDCE (Prop_fdce_C_Q)         0.141     0.141 r  bc/board_flash_reg/Q
                         net (fo=25, routed)          0.180     0.321    bc/board_flash_reg_0
    SLICE_X63Y85         LUT5 (Prop_lut5_I0_O)        0.045     0.366 r  bc/board_flash_i_1/O
                         net (fo=1, routed)           0.000     0.366    bc/board_flash_i_1_n_0
    SLICE_X63Y85         FDCE                                         r  bc/board_flash_reg/D
  -------------------------------------------------------------------    -------------------

Slack:                    inf
  Source:                 bc/Player_Tie_Win_Count_reg[0]/C
                            (rising edge-triggered cell FDRE)
  Destination:            bc/Player_Tie_Win_Count_reg[2]/D
  Path Group:             (none)
  Path Type:              Min at Fast Process Corner
  Data Path Delay:        0.367ns  (logic 0.186ns (50.634%)  route 0.181ns (49.366%))
  Logic Levels:           2  (FDRE=1 LUT3=1)

    Location             Delay type                Incr(ns)  Path(ns)    Netlist Resource(s)
  -------------------------------------------------------------------    -------------------
    SLICE_X55Y89         FDRE                         0.000     0.000 r  bc/Player_Tie_Win_Count_reg[0]/C
    SLICE_X55Y89         FDRE (Prop_fdre_C_Q)         0.141     0.141 r  bc/Player_Tie_Win_Count_reg[0]/Q
                         net (fo=5, routed)           0.181     0.322    bc/SSD5[0]
    SLICE_X55Y89         LUT3 (Prop_lut3_I1_O)        0.045     0.367 r  bc/Player_Tie_Win_Count[2]_i_1/O
                         net (fo=1, routed)           0.000     0.367    bc/p_0_in__2[2]
    SLICE_X55Y89         FDRE                                         r  bc/Player_Tie_Win_Count_reg[2]/D
  -------------------------------------------------------------------    -------------------

Slack:                    inf
  Source:                 dc/hCount_reg[6]/C
                            (rising edge-triggered cell FDRE)
  Destination:            dc/hCount_reg[7]/D
  Path Group:             (none)
  Path Type:              Min at Fast Process Corner
  Data Path Delay:        0.369ns  (logic 0.209ns (56.677%)  route 0.160ns (43.323%))
  Logic Levels:           2  (FDRE=1 LUT6=1)

    Location             Delay type                Incr(ns)  Path(ns)    Netlist Resource(s)
  -------------------------------------------------------------------    -------------------
    SLICE_X58Y81         FDRE                         0.000     0.000 r  dc/hCount_reg[6]/C
    SLICE_X58Y81         FDRE (Prop_fdre_C_Q)         0.164     0.164 r  dc/hCount_reg[6]/Q
                         net (fo=14, routed)          0.160     0.324    dc/hCount_reg[8]_1[6]
    SLICE_X60Y81         LUT6 (Prop_lut6_I4_O)        0.045     0.369 r  dc/hCount[7]_i_1/O
                         net (fo=1, routed)           0.000     0.369    dc/hCount[7]_i_1_n_0
    SLICE_X60Y81         FDRE                                         r  dc/hCount_reg[7]/D
  -------------------------------------------------------------------    -------------------

Slack:                    inf
  Source:                 dc/vCount_reg[9]/C
                            (rising edge-triggered cell FDRE)
  Destination:            dc/vCount_reg[9]/D
  Path Group:             (none)
  Path Type:              Min at Fast Process Corner
  Data Path Delay:        0.370ns  (logic 0.192ns (51.865%)  route 0.178ns (48.135%))
  Logic Levels:           2  (FDRE=1 LUT4=1)

    Location             Delay type                Incr(ns)  Path(ns)    Netlist Resource(s)
  -------------------------------------------------------------------    -------------------
    SLICE_X59Y86         FDRE                         0.000     0.000 r  dc/vCount_reg[9]/C
    SLICE_X59Y86         FDRE (Prop_fdre_C_Q)         0.141     0.141 r  dc/vCount_reg[9]/Q
                         net (fo=12, routed)          0.178     0.319    dc/vc[9]
    SLICE_X59Y86         LUT4 (Prop_lut4_I0_O)        0.051     0.370 r  dc/vCount[9]_i_2/O
                         net (fo=1, routed)           0.000     0.370    dc/p_0_in__4[9]
    SLICE_X59Y86         FDRE                                         r  dc/vCount_reg[9]/D
  -------------------------------------------------------------------    -------------------

Slack:                    inf
  Source:                 dc/vCount_reg[4]/C
                            (rising edge-triggered cell FDRE)
  Destination:            dc/vCount_reg[8]/D
  Path Group:             (none)
  Path Type:              Min at Fast Process Corner
  Data Path Delay:        0.384ns  (logic 0.186ns (48.495%)  route 0.198ns (51.505%))
  Logic Levels:           2  (FDRE=1 LUT6=1)

    Location             Delay type                Incr(ns)  Path(ns)    Netlist Resource(s)
  -------------------------------------------------------------------    -------------------
    SLICE_X59Y86         FDRE                         0.000     0.000 r  dc/vCount_reg[4]/C
    SLICE_X59Y86         FDRE (Prop_fdre_C_Q)         0.141     0.141 r  dc/vCount_reg[4]/Q
                         net (fo=33, routed)          0.198     0.339    dc/vc[4]
    SLICE_X58Y86         LUT6 (Prop_lut6_I3_O)        0.045     0.384 r  dc/vCount[8]_i_1/O
                         net (fo=1, routed)           0.000     0.384    dc/p_0_in__4[8]
    SLICE_X58Y86         FDRE                                         r  dc/vCount_reg[8]/D
  -------------------------------------------------------------------    -------------------

Slack:                    inf
  Source:                 dc/hCount_reg[3]/C
                            (rising edge-triggered cell FDRE)
  Destination:            dc/hCount_reg[4]/D
  Path Group:             (none)
  Path Type:              Min at Fast Process Corner
  Data Path Delay:        0.389ns  (logic 0.209ns (53.793%)  route 0.180ns (46.207%))
  Logic Levels:           2  (FDRE=1 LUT5=1)

    Location             Delay type                Incr(ns)  Path(ns)    Netlist Resource(s)
  -------------------------------------------------------------------    -------------------
    SLICE_X54Y81         FDRE                         0.000     0.000 r  dc/hCount_reg[3]/C
    SLICE_X54Y81         FDRE (Prop_fdre_C_Q)         0.164     0.164 r  dc/hCount_reg[3]/Q
                         net (fo=20, routed)          0.180     0.344    dc/hCount_reg[8]_1[3]
    SLICE_X57Y81         LUT5 (Prop_lut5_I2_O)        0.045     0.389 r  dc/hCount[4]_i_1/O
                         net (fo=1, routed)           0.000     0.389    dc/hCount[4]_i_1_n_0
    SLICE_X57Y81         FDRE                                         r  dc/hCount_reg[4]/D
  -------------------------------------------------------------------    -------------------

Slack:                    inf
  Source:                 dc/vCount_reg[9]/C
                            (rising edge-triggered cell FDRE)
  Destination:            dc/vCount_reg[0]/D
  Path Group:             (none)
  Path Type:              Min at Fast Process Corner
  Data Path Delay:        0.392ns  (logic 0.186ns (47.417%)  route 0.206ns (52.583%))
  Logic Levels:           2  (FDRE=1 LUT6=1)

    Location             Delay type                Incr(ns)  Path(ns)    Netlist Resource(s)
  -------------------------------------------------------------------    -------------------
    SLICE_X59Y86         FDRE                         0.000     0.000 r  dc/vCount_reg[9]/C
    SLICE_X59Y86         FDRE (Prop_fdre_C_Q)         0.141     0.141 f  dc/vCount_reg[9]/Q
                         net (fo=12, routed)          0.206     0.347    dc/vc[9]
    SLICE_X60Y84         LUT6 (Prop_lut6_I0_O)        0.045     0.392 r  dc/vCount[0]_i_1/O
                         net (fo=1, routed)           0.000     0.392    dc/vCount[0]_i_1_n_0
    SLICE_X60Y84         FDRE                                         r  dc/vCount_reg[0]/D
  -------------------------------------------------------------------    -------------------





--------------------------------------------------------------------------------------
Path Group:  (none)
From Clock:  ClkPort
  To Clock:  

Max Delay            36 Endpoints
Min Delay            36 Endpoints
--------------------------------------------------------------------------------------


Max Delay Paths
--------------------------------------------------------------------------------------
Slack:                    inf
  Source:                 <hidden>
                            (rising edge-triggered cell FDRE clocked by ClkPort  {rise@0.000ns fall@5.000ns period=10.000ns})
  Destination:            vgaG[1]
                            (output port)
  Path Group:             (none)
  Path Type:              Max at Slow Process Corner
  Data Path Delay:        15.126ns  (logic 4.727ns (31.247%)  route 10.400ns (68.753%))
  Logic Levels:           5  (LUT4=1 LUT6=3 OBUF=1)
  Clock Uncertainty:      0.025ns  ((TSJ^2 + TIJ^2)^1/2 + DJ) / 2 + PE
    Total System Jitter     (TSJ):    0.050ns
    Total Input Jitter      (TIJ):    0.000ns
    Discrete Jitter          (DJ):    0.000ns
    Phase Error              (PE):    0.000ns

    Location             Delay type                Incr(ns)  Path(ns)    Netlist Resource(s)
  -------------------------------------------------------------------    -------------------
                         (clock ClkPort rise edge)    0.000     0.000 r  
    E3                                                0.000     0.000 r  ClkPort (IN)
                         net (fo=0)                   0.000     0.000    ClkPort
    E3                   IBUF (Prop_ibuf_I_O)         1.482     1.482 r  ClkPort_IBUF_inst/O
                         net (fo=1, routed)           2.025     3.506    ClkPort_IBUF
    BUFGCTRL_X0Y16       BUFG (Prop_bufg_I_O)         0.096     3.602 r  ClkPort_IBUF_BUFG_inst/O
                         net (fo=275, routed)         1.632     5.235    <hidden>
    SLICE_X69Y57         FDRE                                         r  <hidden>
  -------------------------------------------------------------------    -------------------
    SLICE_X69Y57         FDRE (Prop_fdre_C_Q)         0.456     5.691 r  <hidden>
                         net (fo=19, routed)          2.051     7.742    <hidden>
    SLICE_X72Y50         LUT6 (Prop_lut6_I2_O)        0.124     7.866 r  <hidden>
                         net (fo=1, routed)           1.016     8.882    <hidden>
    SLICE_X68Y55         LUT6 (Prop_lut6_I3_O)        0.124     9.006 r  <hidden>
                         net (fo=1, routed)           1.784    10.790    bc/tie_img[5]
    SLICE_X64Y77         LUT6 (Prop_lut6_I4_O)        0.124    10.914 f  bc/vgaG_OBUF[1]_inst_i_2/O
                         net (fo=1, routed)           1.101    12.016    dc/vgaG[1]
    SLICE_X64Y82         LUT4 (Prop_lut4_I2_O)        0.152    12.168 r  dc/vgaG_OBUF[1]_inst_i_1/O
                         net (fo=1, routed)           4.447    16.615    vgaG_OBUF[1]
    A5                   OBUF (Prop_obuf_I_O)         3.747    20.361 r  vgaG_OBUF[1]_inst/O
                         net (fo=0)                   0.000    20.361    vgaG[1]
    A5                                                                r  vgaG[1] (OUT)
  -------------------------------------------------------------------    -------------------

Slack:                    inf
  Source:                 <hidden>
                            (rising edge-triggered cell FDRE clocked by ClkPort  {rise@0.000ns fall@5.000ns period=10.000ns})
  Destination:            vgaG[3]
                            (output port)
  Path Group:             (none)
  Path Type:              Max at Slow Process Corner
  Data Path Delay:        14.446ns  (logic 4.498ns (31.139%)  route 9.948ns (68.861%))
  Logic Levels:           5  (LUT4=1 LUT6=3 OBUF=1)
  Clock Uncertainty:      0.025ns  ((TSJ^2 + TIJ^2)^1/2 + DJ) / 2 + PE
    Total System Jitter     (TSJ):    0.050ns
    Total Input Jitter      (TIJ):    0.000ns
    Discrete Jitter          (DJ):    0.000ns
    Phase Error              (PE):    0.000ns

    Location             Delay type                Incr(ns)  Path(ns)    Netlist Resource(s)
  -------------------------------------------------------------------    -------------------
                         (clock ClkPort rise edge)    0.000     0.000 r  
    E3                                                0.000     0.000 r  ClkPort (IN)
                         net (fo=0)                   0.000     0.000    ClkPort
    E3                   IBUF (Prop_ibuf_I_O)         1.482     1.482 r  ClkPort_IBUF_inst/O
                         net (fo=1, routed)           2.025     3.506    ClkPort_IBUF
    BUFGCTRL_X0Y16       BUFG (Prop_bufg_I_O)         0.096     3.602 r  ClkPort_IBUF_BUFG_inst/O
                         net (fo=275, routed)         1.619     5.222    <hidden>
    SLICE_X68Y71         FDRE                                         r  <hidden>
  -------------------------------------------------------------------    -------------------
    SLICE_X68Y71         FDRE (Prop_fdre_C_Q)         0.456     5.678 r  <hidden>
                         net (fo=21, routed)          2.364     8.042    <hidden>
    SLICE_X72Y50         LUT6 (Prop_lut6_I3_O)        0.124     8.166 r  <hidden>
                         net (fo=1, routed)           1.057     9.222    <hidden>
    SLICE_X69Y55         LUT6 (Prop_lut6_I3_O)        0.124     9.346 r  <hidden>
                         net (fo=1, routed)           1.098    10.445    bc/tie_img[7]
    SLICE_X65Y77         LUT6 (Prop_lut6_I4_O)        0.124    10.569 f  bc/vgaG_OBUF[3]_inst_i_2/O
                         net (fo=1, routed)           0.995    11.563    dc/vgaG[3]
    SLICE_X66Y83         LUT4 (Prop_lut4_I2_O)        0.124    11.687 r  dc/vgaG_OBUF[3]_inst_i_1/O
                         net (fo=1, routed)           4.434    16.121    vgaG_OBUF[3]
    A6                   OBUF (Prop_obuf_I_O)         3.546    19.668 r  vgaG_OBUF[3]_inst/O
                         net (fo=0)                   0.000    19.668    vgaG[3]
    A6                                                                r  vgaG[3] (OUT)
  -------------------------------------------------------------------    -------------------

Slack:                    inf
  Source:                 <hidden>
                            (rising edge-triggered cell FDRE clocked by ClkPort  {rise@0.000ns fall@5.000ns period=10.000ns})
  Destination:            vgaB[3]
                            (output port)
  Path Group:             (none)
  Path Type:              Max at Slow Process Corner
  Data Path Delay:        14.306ns  (logic 4.566ns (31.913%)  route 9.741ns (68.087%))
  Logic Levels:           5  (LUT5=1 LUT6=3 OBUF=1)
  Clock Uncertainty:      0.025ns  ((TSJ^2 + TIJ^2)^1/2 + DJ) / 2 + PE
    Total System Jitter     (TSJ):    0.050ns
    Total Input Jitter      (TIJ):    0.000ns
    Discrete Jitter          (DJ):    0.000ns
    Phase Error              (PE):    0.000ns

    Location             Delay type                Incr(ns)  Path(ns)    Netlist Resource(s)
  -------------------------------------------------------------------    -------------------
                         (clock ClkPort rise edge)    0.000     0.000 r  
    E3                                                0.000     0.000 r  ClkPort (IN)
                         net (fo=0)                   0.000     0.000    ClkPort
    E3                   IBUF (Prop_ibuf_I_O)         1.482     1.482 r  ClkPort_IBUF_inst/O
                         net (fo=1, routed)           2.025     3.506    ClkPort_IBUF
    BUFGCTRL_X0Y16       BUFG (Prop_bufg_I_O)         0.096     3.602 r  ClkPort_IBUF_BUFG_inst/O
                         net (fo=275, routed)         1.630     5.233    <hidden>
    SLICE_X66Y88         FDRE                                         r  <hidden>
  -------------------------------------------------------------------    -------------------
    SLICE_X66Y88         FDRE (Prop_fdre_C_Q)         0.518     5.751 r  <hidden>
                         net (fo=21, routed)          2.744     8.494    <hidden>
    SLICE_X72Y75         LUT6 (Prop_lut6_I3_O)        0.124     8.618 r  <hidden>
                         net (fo=1, routed)           1.248     9.867    <hidden>
    SLICE_X63Y78         LUT6 (Prop_lut6_I3_O)        0.124     9.991 r  <hidden>
                         net (fo=1, routed)           0.813    10.804    bc/red_win_img[3]
    SLICE_X64Y77         LUT6 (Prop_lut6_I5_O)        0.124    10.928 f  bc/vgaB_OBUF[3]_inst_i_2/O
                         net (fo=1, routed)           0.691    11.619    dc/vgaB[3]
    SLICE_X65Y83         LUT5 (Prop_lut5_I1_O)        0.124    11.743 r  dc/vgaB_OBUF[3]_inst_i_1/O
                         net (fo=1, routed)           4.244    15.987    vgaB_OBUF[3]
    D8                   OBUF (Prop_obuf_I_O)         3.552    19.539 r  vgaB_OBUF[3]_inst/O
                         net (fo=0)                   0.000    19.539    vgaB[3]
    D8                                                                r  vgaB[3] (OUT)
  -------------------------------------------------------------------    -------------------

Slack:                    inf
  Source:                 <hidden>
                            (rising edge-triggered cell RAMB36E1 clocked by ClkPort  {rise@0.000ns fall@5.000ns period=10.000ns})
  Destination:            vgaR[2]
                            (output port)
  Path Group:             (none)
  Path Type:              Max at Slow Process Corner
  Data Path Delay:        14.068ns  (logic 4.913ns (34.924%)  route 9.155ns (65.076%))
  Logic Levels:           5  (LUT5=1 LUT6=3 OBUF=1)
  Clock Uncertainty:      0.025ns  ((TSJ^2 + TIJ^2)^1/2 + DJ) / 2 + PE
    Total System Jitter     (TSJ):    0.050ns
    Total Input Jitter      (TIJ):    0.000ns
    Discrete Jitter          (DJ):    0.000ns
    Phase Error              (PE):    0.000ns

    Location             Delay type                Incr(ns)  Path(ns)    Netlist Resource(s)
  -------------------------------------------------------------------    -------------------
                         (clock ClkPort rise edge)    0.000     0.000 r  
    E3                                                0.000     0.000 r  ClkPort (IN)
                         net (fo=0)                   0.000     0.000    ClkPort
    E3                   IBUF (Prop_ibuf_I_O)         1.482     1.482 r  ClkPort_IBUF_inst/O
                         net (fo=1, routed)           2.025     3.506    ClkPort_IBUF
    BUFGCTRL_X0Y16       BUFG (Prop_bufg_I_O)         0.096     3.602 r  ClkPort_IBUF_BUFG_inst/O
                         net (fo=275, routed)         1.766     5.368    <hidden>
    RAMB36_X3Y11         RAMB36E1                                     r  <hidden>
  -------------------------------------------------------------------    -------------------
    RAMB36_X3Y11         RAMB36E1 (Prop_ramb36e1_CLKARDCLK_DOADO[7])
                                                      0.882     6.250 r  <hidden>
                         net (fo=1, routed)           1.605     7.855    <hidden>
    SLICE_X69Y57         LUT6 (Prop_lut6_I4_O)        0.124     7.979 r  <hidden>
                         net (fo=1, routed)           0.877     8.856    <hidden>
    SLICE_X69Y57         LUT6 (Prop_lut6_I0_O)        0.124     8.980 r  <hidden>
                         net (fo=1, routed)           1.063    10.043    bc/tie_img[10]
    SLICE_X64Y75         LUT6 (Prop_lut6_I4_O)        0.124    10.167 f  bc/vgaR_OBUF[2]_inst_i_3/O
                         net (fo=1, routed)           1.148    11.315    dc/vgaR[2]
    SLICE_X67Y83         LUT5 (Prop_lut5_I3_O)        0.124    11.439 r  dc/vgaR_OBUF[2]_inst_i_1/O
                         net (fo=1, routed)           4.463    15.901    vgaR_OBUF[2]
    C5                   OBUF (Prop_obuf_I_O)         3.535    19.437 r  vgaR_OBUF[2]_inst/O
                         net (fo=0)                   0.000    19.437    vgaR[2]
    C5                                                                r  vgaR[2] (OUT)
  -------------------------------------------------------------------    -------------------

Slack:                    inf
  Source:                 <hidden>
                            (rising edge-triggered cell RAMB36E1 clocked by ClkPort  {rise@0.000ns fall@5.000ns period=10.000ns})
  Destination:            vgaG[0]
                            (output port)
  Path Group:             (none)
  Path Type:              Max at Slow Process Corner
  Data Path Delay:        13.819ns  (logic 4.916ns (35.577%)  route 8.902ns (64.423%))
  Logic Levels:           5  (LUT4=1 LUT6=3 OBUF=1)
  Clock Uncertainty:      0.025ns  ((TSJ^2 + TIJ^2)^1/2 + DJ) / 2 + PE
    Total System Jitter     (TSJ):    0.050ns
    Total Input Jitter      (TIJ):    0.000ns
    Discrete Jitter          (DJ):    0.000ns
    Phase Error              (PE):    0.000ns

    Location             Delay type                Incr(ns)  Path(ns)    Netlist Resource(s)
  -------------------------------------------------------------------    -------------------
                         (clock ClkPort rise edge)    0.000     0.000 r  
    E3                                                0.000     0.000 r  ClkPort (IN)
                         net (fo=0)                   0.000     0.000    ClkPort
    E3                   IBUF (Prop_ibuf_I_O)         1.482     1.482 r  ClkPort_IBUF_inst/O
                         net (fo=1, routed)           2.025     3.506    ClkPort_IBUF
    BUFGCTRL_X0Y16       BUFG (Prop_bufg_I_O)         0.096     3.602 r  ClkPort_IBUF_BUFG_inst/O
                         net (fo=275, routed)         1.899     5.501    <hidden>
    RAMB36_X2Y9          RAMB36E1                                     r  <hidden>
  -------------------------------------------------------------------    -------------------
    RAMB36_X2Y9          RAMB36E1 (Prop_ramb36e1_CLKARDCLK_DOADO[1])
                                                      0.882     6.383 r  <hidden>
                         net (fo=1, routed)           1.230     7.614    <hidden>
    SLICE_X72Y52         LUT6 (Prop_lut6_I1_O)        0.124     7.738 r  <hidden>
                         net (fo=1, routed)           0.994     8.731    <hidden>
    SLICE_X69Y57         LUT6 (Prop_lut6_I3_O)        0.124     8.855 r  <hidden>
                         net (fo=1, routed)           1.385    10.241    bc/tie_img[4]
    SLICE_X64Y77         LUT6 (Prop_lut6_I4_O)        0.124    10.365 f  bc/vgaG_OBUF[0]_inst_i_2/O
                         net (fo=1, routed)           0.933    11.297    dc/vgaG[0]
    SLICE_X64Y82         LUT4 (Prop_lut4_I2_O)        0.124    11.421 r  dc/vgaG_OBUF[0]_inst_i_1/O
                         net (fo=1, routed)           4.360    15.782    vgaG_OBUF[0]
    C6                   OBUF (Prop_obuf_I_O)         3.538    19.320 r  vgaG_OBUF[0]_inst/O
                         net (fo=0)                   0.000    19.320    vgaG[0]
    C6                                                                r  vgaG[0] (OUT)
  -------------------------------------------------------------------    -------------------

Slack:                    inf
  Source:                 bc/selector_bit_reg[1]/C
                            (rising edge-triggered cell FDCE clocked by ClkPort  {rise@0.000ns fall@5.000ns period=10.000ns})
  Destination:            vgaR[3]
                            (output port)
  Path Group:             (none)
  Path Type:              Max at Slow Process Corner
  Data Path Delay:        13.886ns  (logic 4.992ns (35.947%)  route 8.894ns (64.053%))
  Logic Levels:           6  (LUT4=1 LUT5=1 LUT6=3 OBUF=1)
  Clock Uncertainty:      0.025ns  ((TSJ^2 + TIJ^2)^1/2 + DJ) / 2 + PE
    Total System Jitter     (TSJ):    0.050ns
    Total Input Jitter      (TIJ):    0.000ns
    Discrete Jitter          (DJ):    0.000ns
    Phase Error              (PE):    0.000ns

    Location             Delay type                Incr(ns)  Path(ns)    Netlist Resource(s)
  -------------------------------------------------------------------    -------------------
                         (clock ClkPort rise edge)    0.000     0.000 r  
    E3                                                0.000     0.000 r  ClkPort (IN)
                         net (fo=0)                   0.000     0.000    ClkPort
    E3                   IBUF (Prop_ibuf_I_O)         1.482     1.482 r  ClkPort_IBUF_inst/O
                         net (fo=1, routed)           2.025     3.506    ClkPort_IBUF
    BUFGCTRL_X0Y16       BUFG (Prop_bufg_I_O)         0.096     3.602 r  ClkPort_IBUF_BUFG_inst/O
                         net (fo=275, routed)         1.625     5.228    bc/ClkPort_IBUF_BUFG
    SLICE_X57Y91         FDCE                                         r  bc/selector_bit_reg[1]/C
  -------------------------------------------------------------------    -------------------
    SLICE_X57Y91         FDCE (Prop_fdce_C_Q)         0.419     5.647 r  bc/selector_bit_reg[1]/Q
                         net (fo=24, routed)          1.803     7.450    bc/Q[1]
    SLICE_X62Y84         LUT4 (Prop_lut4_I2_O)        0.321     7.771 r  bc/vgaR_OBUF[3]_inst_i_62/O
                         net (fo=1, routed)           0.469     8.240    dc/vgaR_OBUF[3]_inst_i_12_1
    SLICE_X62Y84         LUT6 (Prop_lut6_I1_O)        0.328     8.568 r  dc/vgaR_OBUF[3]_inst_i_31/O
                         net (fo=1, routed)           0.796     9.364    dc/vgaR_OBUF[3]_inst_i_31_n_0
    SLICE_X63Y85         LUT6 (Prop_lut6_I0_O)        0.124     9.488 r  dc/vgaR_OBUF[3]_inst_i_12/O
                         net (fo=2, routed)           0.807    10.296    bc/vgaG_OBUF[3]_inst_i_1_0
    SLICE_X64Y83         LUT6 (Prop_lut6_I2_O)        0.124    10.420 f  bc/vgaR_OBUF[3]_inst_i_5/O
                         net (fo=3, routed)           0.979    11.398    bc/board_flash_reg_2
    SLICE_X66Y83         LUT5 (Prop_lut5_I4_O)        0.124    11.522 r  bc/vgaR_OBUF[3]_inst_i_1/O
                         net (fo=1, routed)           4.039    15.562    vgaR_OBUF[3]
    A4                   OBUF (Prop_obuf_I_O)         3.552    19.113 r  vgaR_OBUF[3]_inst/O
                         net (fo=0)                   0.000    19.113    vgaR[3]
    A4                                                                r  vgaR[3] (OUT)
  -------------------------------------------------------------------    -------------------

Slack:                    inf
  Source:                 <hidden>
                            (rising edge-triggered cell FDRE clocked by ClkPort  {rise@0.000ns fall@5.000ns period=10.000ns})
  Destination:            vgaG[2]
                            (output port)
  Path Group:             (none)
  Path Type:              Max at Slow Process Corner
  Data Path Delay:        13.721ns  (logic 4.560ns (33.235%)  route 9.161ns (66.765%))
  Logic Levels:           5  (LUT4=1 LUT6=3 OBUF=1)
  Clock Uncertainty:      0.025ns  ((TSJ^2 + TIJ^2)^1/2 + DJ) / 2 + PE
    Total System Jitter     (TSJ):    0.050ns
    Total Input Jitter      (TIJ):    0.000ns
    Discrete Jitter          (DJ):    0.000ns
    Phase Error              (PE):    0.000ns

    Location             Delay type                Incr(ns)  Path(ns)    Netlist Resource(s)
  -------------------------------------------------------------------    -------------------
                         (clock ClkPort rise edge)    0.000     0.000 r  
    E3                                                0.000     0.000 r  ClkPort (IN)
                         net (fo=0)                   0.000     0.000    ClkPort
    E3                   IBUF (Prop_ibuf_I_O)         1.482     1.482 r  ClkPort_IBUF_inst/O
                         net (fo=1, routed)           2.025     3.506    ClkPort_IBUF
    BUFGCTRL_X0Y16       BUFG (Prop_bufg_I_O)         0.096     3.602 r  ClkPort_IBUF_BUFG_inst/O
                         net (fo=275, routed)         1.630     5.233    <hidden>
    SLICE_X66Y88         FDRE                                         r  <hidden>
  -------------------------------------------------------------------    -------------------
    SLICE_X66Y88         FDRE (Prop_fdre_C_Q)         0.518     5.751 r  <hidden>
                         net (fo=21, routed)          1.902     7.653    <hidden>
    SLICE_X72Y78         LUT6 (Prop_lut6_I3_O)        0.124     7.777 r  <hidden>
                         net (fo=1, routed)           1.256     9.033    <hidden>
    SLICE_X64Y79         LUT6 (Prop_lut6_I3_O)        0.124     9.157 r  <hidden>
                         net (fo=1, routed)           0.807     9.963    bc/red_win_img[6]
    SLICE_X65Y77         LUT6 (Prop_lut6_I3_O)        0.124    10.087 f  bc/vgaG_OBUF[2]_inst_i_2/O
                         net (fo=1, routed)           1.008    11.095    dc/vgaG[2]
    SLICE_X66Y82         LUT4 (Prop_lut4_I2_O)        0.124    11.219 r  dc/vgaG_OBUF[2]_inst_i_1/O
                         net (fo=1, routed)           4.189    15.408    vgaG_OBUF[2]
    B6                   OBUF (Prop_obuf_I_O)         3.546    18.954 r  vgaG_OBUF[2]_inst/O
                         net (fo=0)                   0.000    18.954    vgaG[2]
    B6                                                                r  vgaG[2] (OUT)
  -------------------------------------------------------------------    -------------------

Slack:                    inf
  Source:                 <hidden>
                            (rising edge-triggered cell FDRE clocked by ClkPort  {rise@0.000ns fall@5.000ns period=10.000ns})
  Destination:            vgaR[1]
                            (output port)
  Path Group:             (none)
  Path Type:              Max at Slow Process Corner
  Data Path Delay:        13.676ns  (logic 4.562ns (33.360%)  route 9.114ns (66.640%))
  Logic Levels:           5  (LUT5=1 LUT6=3 OBUF=1)
  Clock Uncertainty:      0.025ns  ((TSJ^2 + TIJ^2)^1/2 + DJ) / 2 + PE
    Total System Jitter     (TSJ):    0.050ns
    Total Input Jitter      (TIJ):    0.000ns
    Discrete Jitter          (DJ):    0.000ns
    Phase Error              (PE):    0.000ns

    Location             Delay type                Incr(ns)  Path(ns)    Netlist Resource(s)
  -------------------------------------------------------------------    -------------------
                         (clock ClkPort rise edge)    0.000     0.000 r  
    E3                                                0.000     0.000 r  ClkPort (IN)
                         net (fo=0)                   0.000     0.000    ClkPort
    E3                   IBUF (Prop_ibuf_I_O)         1.482     1.482 r  ClkPort_IBUF_inst/O
                         net (fo=1, routed)           2.025     3.506    ClkPort_IBUF
    BUFGCTRL_X0Y16       BUFG (Prop_bufg_I_O)         0.096     3.602 r  ClkPort_IBUF_BUFG_inst/O
                         net (fo=275, routed)         1.630     5.233    <hidden>
    SLICE_X66Y88         FDRE                                         r  <hidden>
  -------------------------------------------------------------------    -------------------
    SLICE_X66Y88         FDRE (Prop_fdre_C_Q)         0.518     5.751 r  <hidden>
                         net (fo=19, routed)          2.442     8.193    <hidden>
    SLICE_X72Y75         LUT6 (Prop_lut6_I2_O)        0.124     8.317 r  <hidden>
                         net (fo=1, routed)           1.030     9.347    <hidden>
    SLICE_X65Y78         LUT6 (Prop_lut6_I3_O)        0.124     9.471 r  <hidden>
                         net (fo=1, routed)           0.583    10.054    bc/red_win_img[9]
    SLICE_X65Y77         LUT6 (Prop_lut6_I3_O)        0.124    10.178 f  bc/vgaR_OBUF[1]_inst_i_2/O
                         net (fo=1, routed)           1.155    11.333    dc/vgaR[1]
    SLICE_X67Y83         LUT5 (Prop_lut5_I2_O)        0.124    11.457 r  dc/vgaR_OBUF[1]_inst_i_1/O
                         net (fo=1, routed)           3.904    15.360    vgaR_OBUF[1]
    B4                   OBUF (Prop_obuf_I_O)         3.548    18.909 r  vgaR_OBUF[1]_inst/O
                         net (fo=0)                   0.000    18.909    vgaR[1]
    B4                                                                r  vgaR[1] (OUT)
  -------------------------------------------------------------------    -------------------

Slack:                    inf
  Source:                 <hidden>
                            (rising edge-triggered cell RAMB36E1 clocked by ClkPort  {rise@0.000ns fall@5.000ns period=10.000ns})
  Destination:            vgaR[0]
                            (output port)
  Path Group:             (none)
  Path Type:              Max at Slow Process Corner
  Data Path Delay:        13.615ns  (logic 4.932ns (36.223%)  route 8.683ns (63.777%))
  Logic Levels:           5  (LUT5=1 LUT6=3 OBUF=1)
  Clock Uncertainty:      0.025ns  ((TSJ^2 + TIJ^2)^1/2 + DJ) / 2 + PE
    Total System Jitter     (TSJ):    0.050ns
    Total Input Jitter      (TIJ):    0.000ns
    Discrete Jitter          (DJ):    0.000ns
    Phase Error              (PE):    0.000ns

    Location             Delay type                Incr(ns)  Path(ns)    Netlist Resource(s)
  -------------------------------------------------------------------    -------------------
                         (clock ClkPort rise edge)    0.000     0.000 r  
    E3                                                0.000     0.000 r  ClkPort (IN)
                         net (fo=0)                   0.000     0.000    ClkPort
    E3                   IBUF (Prop_ibuf_I_O)         1.482     1.482 r  ClkPort_IBUF_inst/O
                         net (fo=1, routed)           2.025     3.506    ClkPort_IBUF
    BUFGCTRL_X0Y16       BUFG (Prop_bufg_I_O)         0.096     3.602 r  ClkPort_IBUF_BUFG_inst/O
                         net (fo=275, routed)         1.675     5.277    <hidden>
    RAMB36_X1Y10         RAMB36E1                                     r  <hidden>
  -------------------------------------------------------------------    -------------------
    RAMB36_X1Y10         RAMB36E1 (Prop_ramb36e1_CLKARDCLK_DOADO[5])
                                                      0.882     6.159 r  <hidden>
                         net (fo=1, routed)           1.416     7.575    <hidden>
    SLICE_X72Y53         LUT6 (Prop_lut6_I5_O)        0.124     7.699 r  <hidden>
                         net (fo=1, routed)           0.926     8.625    <hidden>
    SLICE_X68Y57         LUT6 (Prop_lut6_I3_O)        0.124     8.749 r  <hidden>
                         net (fo=1, routed)           1.584    10.333    bc/tie_img[8]
    SLICE_X65Y77         LUT6 (Prop_lut6_I4_O)        0.124    10.457 f  bc/vgaR_OBUF[0]_inst_i_2/O
                         net (fo=1, routed)           0.991    11.448    dc/vgaR[0]
    SLICE_X67Y83         LUT5 (Prop_lut5_I2_O)        0.124    11.572 r  dc/vgaR_OBUF[0]_inst_i_1/O
                         net (fo=1, routed)           3.766    15.338    vgaR_OBUF[0]
    A3                   OBUF (Prop_obuf_I_O)         3.554    18.892 r  vgaR_OBUF[0]_inst/O
                         net (fo=0)                   0.000    18.892    vgaR[0]
    A3                                                                r  vgaR[0] (OUT)
  -------------------------------------------------------------------    -------------------

Slack:                    inf
  Source:                 bc/selector_bit_reg[1]/C
                            (rising edge-triggered cell FDCE clocked by ClkPort  {rise@0.000ns fall@5.000ns period=10.000ns})
  Destination:            vgaB[0]
                            (output port)
  Path Group:             (none)
  Path Type:              Max at Slow Process Corner
  Data Path Delay:        13.613ns  (logic 4.987ns (36.634%)  route 8.626ns (63.366%))
  Logic Levels:           6  (LUT4=1 LUT5=1 LUT6=3 OBUF=1)
  Clock Uncertainty:      0.025ns  ((TSJ^2 + TIJ^2)^1/2 + DJ) / 2 + PE
    Total System Jitter     (TSJ):    0.050ns
    Total Input Jitter      (TIJ):    0.000ns
    Discrete Jitter          (DJ):    0.000ns
    Phase Error              (PE):    0.000ns

    Location             Delay type                Incr(ns)  Path(ns)    Netlist Resource(s)
  -------------------------------------------------------------------    -------------------
                         (clock ClkPort rise edge)    0.000     0.000 r  
    E3                                                0.000     0.000 r  ClkPort (IN)
                         net (fo=0)                   0.000     0.000    ClkPort
    E3                   IBUF (Prop_ibuf_I_O)         1.482     1.482 r  ClkPort_IBUF_inst/O
                         net (fo=1, routed)           2.025     3.506    ClkPort_IBUF
    BUFGCTRL_X0Y16       BUFG (Prop_bufg_I_O)         0.096     3.602 r  ClkPort_IBUF_BUFG_inst/O
                         net (fo=275, routed)         1.625     5.228    bc/ClkPort_IBUF_BUFG
    SLICE_X57Y91         FDCE                                         r  bc/selector_bit_reg[1]/C
  -------------------------------------------------------------------    -------------------
    SLICE_X57Y91         FDCE (Prop_fdce_C_Q)         0.419     5.647 r  bc/selector_bit_reg[1]/Q
                         net (fo=24, routed)          1.803     7.450    bc/Q[1]
    SLICE_X62Y84         LUT4 (Prop_lut4_I2_O)        0.321     7.771 r  bc/vgaR_OBUF[3]_inst_i_62/O
                         net (fo=1, routed)           0.469     8.240    dc/vgaR_OBUF[3]_inst_i_12_1
    SLICE_X62Y84         LUT6 (Prop_lut6_I1_O)        0.328     8.568 r  dc/vgaR_OBUF[3]_inst_i_31/O
                         net (fo=1, routed)           0.796     9.364    dc/vgaR_OBUF[3]_inst_i_31_n_0
    SLICE_X63Y85         LUT6 (Prop_lut6_I0_O)        0.124     9.488 r  dc/vgaR_OBUF[3]_inst_i_12/O
                         net (fo=2, routed)           0.581    10.069    dc/game_clk_reg[26]
    SLICE_X64Y83         LUT6 (Prop_lut6_I4_O)        0.124    10.193 f  dc/vgaR_OBUF[2]_inst_i_2/O
                         net (fo=9, routed)           0.688    10.881    dc/vgaR_OBUF[2]_inst_i_2_n_0
    SLICE_X66Y83         LUT5 (Prop_lut5_I3_O)        0.124    11.005 r  dc/vgaB_OBUF[0]_inst_i_1/O
                         net (fo=1, routed)           4.289    15.294    vgaB_OBUF[0]
    B7                   OBUF (Prop_obuf_I_O)         3.547    18.841 r  vgaB_OBUF[0]_inst/O
                         net (fo=0)                   0.000    18.841    vgaB[0]
    B7                                                                r  vgaB[0] (OUT)
  -------------------------------------------------------------------    -------------------





Min Delay Paths
--------------------------------------------------------------------------------------
Slack:                    inf
  Source:                 bc/playerA_reg[4]/C
                            (rising edge-triggered cell FDCE clocked by ClkPort  {rise@0.000ns fall@5.000ns period=10.000ns})
  Destination:            bc/board_flash_reg/D
  Path Group:             (none)
  Path Type:              Min at Fast Process Corner
  Data Path Delay:        0.747ns  (logic 0.276ns (36.953%)  route 0.471ns (63.047%))
  Logic Levels:           3  (LUT4=1 LUT5=2)
  Clock Uncertainty:      0.025ns  ((TSJ^2 + TIJ^2)^1/2 + DJ) / 2 + PE
    Total System Jitter     (TSJ):    0.050ns
    Total Input Jitter      (TIJ):    0.000ns
    Discrete Jitter          (DJ):    0.000ns
    Phase Error              (PE):    0.000ns

    Location             Delay type                Incr(ns)  Path(ns)    Netlist Resource(s)
  -------------------------------------------------------------------    -------------------
                         (clock ClkPort rise edge)    0.000     0.000 r  
    E3                                                0.000     0.000 r  ClkPort (IN)
                         net (fo=0)                   0.000     0.000    ClkPort
    E3                   IBUF (Prop_ibuf_I_O)         0.250     0.250 r  ClkPort_IBUF_inst/O
                         net (fo=1, routed)           0.644     0.894    ClkPort_IBUF
    BUFGCTRL_X0Y16       BUFG (Prop_bufg_I_O)         0.026     0.920 r  ClkPort_IBUF_BUFG_inst/O
                         net (fo=275, routed)         0.564     1.483    bc/ClkPort_IBUF_BUFG
    SLICE_X67Y86         FDCE                                         r  bc/playerA_reg[4]/C
  -------------------------------------------------------------------    -------------------
    SLICE_X67Y86         FDCE (Prop_fdce_C_Q)         0.141     1.624 r  bc/playerA_reg[4]/Q
                         net (fo=6, routed)           0.204     1.829    bc/p_0_in16_in
    SLICE_X67Y84         LUT5 (Prop_lut5_I1_O)        0.045     1.874 f  bc/PlayerA_Win_Count[3]_i_7/O
                         net (fo=1, routed)           0.052     1.926    bc/PlayerA_Win_Count[3]_i_7_n_0
    SLICE_X67Y84         LUT4 (Prop_lut4_I1_O)        0.045     1.971 f  bc/PlayerA_Win_Count[3]_i_4/O
                         net (fo=14, routed)          0.215     2.185    bc/PlayerA_Win_Count[3]_i_4_n_0
    SLICE_X63Y85         LUT5 (Prop_lut5_I2_O)        0.045     2.230 r  bc/board_flash_i_1/O
                         net (fo=1, routed)           0.000     2.230    bc/board_flash_i_1_n_0
    SLICE_X63Y85         FDCE                                         r  bc/board_flash_reg/D
  -------------------------------------------------------------------    -------------------

Slack:                    inf
  Source:                 bc/board_reg[7]/C
                            (rising edge-triggered cell FDCE clocked by ClkPort  {rise@0.000ns fall@5.000ns period=10.000ns})
  Destination:            bc/Player_Tie_Win_Count_reg[0]/CE
  Path Group:             (none)
  Path Type:              Min at Fast Process Corner
  Data Path Delay:        1.175ns  (logic 0.272ns (23.144%)  route 0.903ns (76.856%))
  Logic Levels:           2  (LUT4=2)
  Clock Uncertainty:      0.025ns  ((TSJ^2 + TIJ^2)^1/2 + DJ) / 2 + PE
    Total System Jitter     (TSJ):    0.050ns
    Total Input Jitter      (TIJ):    0.000ns
    Discrete Jitter          (DJ):    0.000ns
    Phase Error              (PE):    0.000ns

    Location             Delay type                Incr(ns)  Path(ns)    Netlist Resource(s)
  -------------------------------------------------------------------    -------------------
                         (clock ClkPort rise edge)    0.000     0.000 r  
    E3                                                0.000     0.000 r  ClkPort (IN)
                         net (fo=0)                   0.000     0.000    ClkPort
    E3                   IBUF (Prop_ibuf_I_O)         0.250     0.250 r  ClkPort_IBUF_inst/O
                         net (fo=1, routed)           0.644     0.894    ClkPort_IBUF
    BUFGCTRL_X0Y16       BUFG (Prop_bufg_I_O)         0.026     0.920 r  ClkPort_IBUF_BUFG_inst/O
                         net (fo=275, routed)         0.564     1.483    bc/ClkPort_IBUF_BUFG
    SLICE_X65Y85         FDCE                                         r  bc/board_reg[7]/C
  -------------------------------------------------------------------    -------------------
    SLICE_X65Y85         FDCE (Prop_fdce_C_Q)         0.128     1.611 r  bc/board_reg[7]/Q
                         net (fo=4, routed)           0.185     1.796    bc/board_reg[7]_0
    SLICE_X65Y85         LUT4 (Prop_lut4_I1_O)        0.099     1.895 r  bc/PlayerA_Win_Count[3]_i_3/O
                         net (fo=15, routed)          0.470     2.365    bc/PlayerA_Win_Count[3]_i_3_n_0
    SLICE_X58Y87         LUT4 (Prop_lut4_I1_O)        0.045     2.410 r  bc/Player_Tie_Win_Count[3]_i_1/O
                         net (fo=4, routed)           0.248     2.659    bc/Player_Tie_Win_Count[3]_i_1_n_0
    SLICE_X55Y89         FDRE                                         r  bc/Player_Tie_Win_Count_reg[0]/CE
  -------------------------------------------------------------------    -------------------

Slack:                    inf
  Source:                 bc/board_reg[7]/C
                            (rising edge-triggered cell FDCE clocked by ClkPort  {rise@0.000ns fall@5.000ns period=10.000ns})
  Destination:            bc/Player_Tie_Win_Count_reg[1]/CE
  Path Group:             (none)
  Path Type:              Min at Fast Process Corner
  Data Path Delay:        1.175ns  (logic 0.272ns (23.144%)  route 0.903ns (76.856%))
  Logic Levels:           2  (LUT4=2)
  Clock Uncertainty:      0.025ns  ((TSJ^2 + TIJ^2)^1/2 + DJ) / 2 + PE
    Total System Jitter     (TSJ):    0.050ns
    Total Input Jitter      (TIJ):    0.000ns
    Discrete Jitter          (DJ):    0.000ns
    Phase Error              (PE):    0.000ns

    Location             Delay type                Incr(ns)  Path(ns)    Netlist Resource(s)
  -------------------------------------------------------------------    -------------------
                         (clock ClkPort rise edge)    0.000     0.000 r  
    E3                                                0.000     0.000 r  ClkPort (IN)
                         net (fo=0)                   0.000     0.000    ClkPort
    E3                   IBUF (Prop_ibuf_I_O)         0.250     0.250 r  ClkPort_IBUF_inst/O
                         net (fo=1, routed)           0.644     0.894    ClkPort_IBUF
    BUFGCTRL_X0Y16       BUFG (Prop_bufg_I_O)         0.026     0.920 r  ClkPort_IBUF_BUFG_inst/O
                         net (fo=275, routed)         0.564     1.483    bc/ClkPort_IBUF_BUFG
    SLICE_X65Y85         FDCE                                         r  bc/board_reg[7]/C
  -------------------------------------------------------------------    -------------------
    SLICE_X65Y85         FDCE (Prop_fdce_C_Q)         0.128     1.611 r  bc/board_reg[7]/Q
                         net (fo=4, routed)           0.185     1.796    bc/board_reg[7]_0
    SLICE_X65Y85         LUT4 (Prop_lut4_I1_O)        0.099     1.895 r  bc/PlayerA_Win_Count[3]_i_3/O
                         net (fo=15, routed)          0.470     2.365    bc/PlayerA_Win_Count[3]_i_3_n_0
    SLICE_X58Y87         LUT4 (Prop_lut4_I1_O)        0.045     2.410 r  bc/Player_Tie_Win_Count[3]_i_1/O
                         net (fo=4, routed)           0.248     2.659    bc/Player_Tie_Win_Count[3]_i_1_n_0
    SLICE_X55Y89         FDRE                                         r  bc/Player_Tie_Win_Count_reg[1]/CE
  -------------------------------------------------------------------    -------------------

Slack:                    inf
  Source:                 bc/board_reg[7]/C
                            (rising edge-triggered cell FDCE clocked by ClkPort  {rise@0.000ns fall@5.000ns period=10.000ns})
  Destination:            bc/Player_Tie_Win_Count_reg[2]/CE
  Path Group:             (none)
  Path Type:              Min at Fast Process Corner
  Data Path Delay:        1.175ns  (logic 0.272ns (23.144%)  route 0.903ns (76.856%))
  Logic Levels:           2  (LUT4=2)
  Clock Uncertainty:      0.025ns  ((TSJ^2 + TIJ^2)^1/2 + DJ) / 2 + PE
    Total System Jitter     (TSJ):    0.050ns
    Total Input Jitter      (TIJ):    0.000ns
    Discrete Jitter          (DJ):    0.000ns
    Phase Error              (PE):    0.000ns

    Location             Delay type                Incr(ns)  Path(ns)    Netlist Resource(s)
  -------------------------------------------------------------------    -------------------
                         (clock ClkPort rise edge)    0.000     0.000 r  
    E3                                                0.000     0.000 r  ClkPort (IN)
                         net (fo=0)                   0.000     0.000    ClkPort
    E3                   IBUF (Prop_ibuf_I_O)         0.250     0.250 r  ClkPort_IBUF_inst/O
                         net (fo=1, routed)           0.644     0.894    ClkPort_IBUF
    BUFGCTRL_X0Y16       BUFG (Prop_bufg_I_O)         0.026     0.920 r  ClkPort_IBUF_BUFG_inst/O
                         net (fo=275, routed)         0.564     1.483    bc/ClkPort_IBUF_BUFG
    SLICE_X65Y85         FDCE                                         r  bc/board_reg[7]/C
  -------------------------------------------------------------------    -------------------
    SLICE_X65Y85         FDCE (Prop_fdce_C_Q)         0.128     1.611 r  bc/board_reg[7]/Q
                         net (fo=4, routed)           0.185     1.796    bc/board_reg[7]_0
    SLICE_X65Y85         LUT4 (Prop_lut4_I1_O)        0.099     1.895 r  bc/PlayerA_Win_Count[3]_i_3/O
                         net (fo=15, routed)          0.470     2.365    bc/PlayerA_Win_Count[3]_i_3_n_0
    SLICE_X58Y87         LUT4 (Prop_lut4_I1_O)        0.045     2.410 r  bc/Player_Tie_Win_Count[3]_i_1/O
                         net (fo=4, routed)           0.248     2.659    bc/Player_Tie_Win_Count[3]_i_1_n_0
    SLICE_X55Y89         FDRE                                         r  bc/Player_Tie_Win_Count_reg[2]/CE
  -------------------------------------------------------------------    -------------------

Slack:                    inf
  Source:                 bc/board_reg[7]/C
                            (rising edge-triggered cell FDCE clocked by ClkPort  {rise@0.000ns fall@5.000ns period=10.000ns})
  Destination:            bc/Player_Tie_Win_Count_reg[3]/CE
  Path Group:             (none)
  Path Type:              Min at Fast Process Corner
  Data Path Delay:        1.175ns  (logic 0.272ns (23.144%)  route 0.903ns (76.856%))
  Logic Levels:           2  (LUT4=2)
  Clock Uncertainty:      0.025ns  ((TSJ^2 + TIJ^2)^1/2 + DJ) / 2 + PE
    Total System Jitter     (TSJ):    0.050ns
    Total Input Jitter      (TIJ):    0.000ns
    Discrete Jitter          (DJ):    0.000ns
    Phase Error              (PE):    0.000ns

    Location             Delay type                Incr(ns)  Path(ns)    Netlist Resource(s)
  -------------------------------------------------------------------    -------------------
                         (clock ClkPort rise edge)    0.000     0.000 r  
    E3                                                0.000     0.000 r  ClkPort (IN)
                         net (fo=0)                   0.000     0.000    ClkPort
    E3                   IBUF (Prop_ibuf_I_O)         0.250     0.250 r  ClkPort_IBUF_inst/O
                         net (fo=1, routed)           0.644     0.894    ClkPort_IBUF
    BUFGCTRL_X0Y16       BUFG (Prop_bufg_I_O)         0.026     0.920 r  ClkPort_IBUF_BUFG_inst/O
                         net (fo=275, routed)         0.564     1.483    bc/ClkPort_IBUF_BUFG
    SLICE_X65Y85         FDCE                                         r  bc/board_reg[7]/C
  -------------------------------------------------------------------    -------------------
    SLICE_X65Y85         FDCE (Prop_fdce_C_Q)         0.128     1.611 r  bc/board_reg[7]/Q
                         net (fo=4, routed)           0.185     1.796    bc/board_reg[7]_0
    SLICE_X65Y85         LUT4 (Prop_lut4_I1_O)        0.099     1.895 r  bc/PlayerA_Win_Count[3]_i_3/O
                         net (fo=15, routed)          0.470     2.365    bc/PlayerA_Win_Count[3]_i_3_n_0
    SLICE_X58Y87         LUT4 (Prop_lut4_I1_O)        0.045     2.410 r  bc/Player_Tie_Win_Count[3]_i_1/O
                         net (fo=4, routed)           0.248     2.659    bc/Player_Tie_Win_Count[3]_i_1_n_0
    SLICE_X55Y89         FDRE                                         r  bc/Player_Tie_Win_Count_reg[3]/CE
  -------------------------------------------------------------------    -------------------

Slack:                    inf
  Source:                 bc/board_reg[7]/C
                            (rising edge-triggered cell FDCE clocked by ClkPort  {rise@0.000ns fall@5.000ns period=10.000ns})
  Destination:            bc/PlayerA_Win_Count_reg[0]/CE
  Path Group:             (none)
  Path Type:              Min at Fast Process Corner
  Data Path Delay:        1.188ns  (logic 0.271ns (22.808%)  route 0.917ns (77.192%))
  Logic Levels:           2  (LUT4=1 LUT5=1)
  Clock Uncertainty:      0.025ns  ((TSJ^2 + TIJ^2)^1/2 + DJ) / 2 + PE
    Total System Jitter     (TSJ):    0.050ns
    Total Input Jitter      (TIJ):    0.000ns
    Discrete Jitter          (DJ):    0.000ns
    Phase Error              (PE):    0.000ns

    Location             Delay type                Incr(ns)  Path(ns)    Netlist Resource(s)
  -------------------------------------------------------------------    -------------------
                         (clock ClkPort rise edge)    0.000     0.000 r  
    E3                                                0.000     0.000 r  ClkPort (IN)
                         net (fo=0)                   0.000     0.000    ClkPort
    E3                   IBUF (Prop_ibuf_I_O)         0.250     0.250 r  ClkPort_IBUF_inst/O
                         net (fo=1, routed)           0.644     0.894    ClkPort_IBUF
    BUFGCTRL_X0Y16       BUFG (Prop_bufg_I_O)         0.026     0.920 r  ClkPort_IBUF_BUFG_inst/O
                         net (fo=275, routed)         0.564     1.483    bc/ClkPort_IBUF_BUFG
    SLICE_X65Y85         FDCE                                         r  bc/board_reg[7]/C
  -------------------------------------------------------------------    -------------------
    SLICE_X65Y85         FDCE (Prop_fdce_C_Q)         0.128     1.611 f  bc/board_reg[7]/Q
                         net (fo=4, routed)           0.185     1.796    bc/board_reg[7]_0
    SLICE_X65Y85         LUT4 (Prop_lut4_I1_O)        0.099     1.895 f  bc/PlayerA_Win_Count[3]_i_3/O
                         net (fo=15, routed)          0.475     2.370    bc/PlayerA_Win_Count[3]_i_3_n_0
    SLICE_X58Y87         LUT5 (Prop_lut5_I1_O)        0.044     2.414 r  bc/PlayerA_Win_Count[3]_i_1/O
                         net (fo=4, routed)           0.257     2.671    bc/PlayerA_Win_Count[3]_i_1_n_0
    SLICE_X54Y89         FDRE                                         r  bc/PlayerA_Win_Count_reg[0]/CE
  -------------------------------------------------------------------    -------------------

Slack:                    inf
  Source:                 bc/board_reg[7]/C
                            (rising edge-triggered cell FDCE clocked by ClkPort  {rise@0.000ns fall@5.000ns period=10.000ns})
  Destination:            bc/PlayerA_Win_Count_reg[1]/CE
  Path Group:             (none)
  Path Type:              Min at Fast Process Corner
  Data Path Delay:        1.188ns  (logic 0.271ns (22.808%)  route 0.917ns (77.192%))
  Logic Levels:           2  (LUT4=1 LUT5=1)
  Clock Uncertainty:      0.025ns  ((TSJ^2 + TIJ^2)^1/2 + DJ) / 2 + PE
    Total System Jitter     (TSJ):    0.050ns
    Total Input Jitter      (TIJ):    0.000ns
    Discrete Jitter          (DJ):    0.000ns
    Phase Error              (PE):    0.000ns

    Location             Delay type                Incr(ns)  Path(ns)    Netlist Resource(s)
  -------------------------------------------------------------------    -------------------
                         (clock ClkPort rise edge)    0.000     0.000 r  
    E3                                                0.000     0.000 r  ClkPort (IN)
                         net (fo=0)                   0.000     0.000    ClkPort
    E3                   IBUF (Prop_ibuf_I_O)         0.250     0.250 r  ClkPort_IBUF_inst/O
                         net (fo=1, routed)           0.644     0.894    ClkPort_IBUF
    BUFGCTRL_X0Y16       BUFG (Prop_bufg_I_O)         0.026     0.920 r  ClkPort_IBUF_BUFG_inst/O
                         net (fo=275, routed)         0.564     1.483    bc/ClkPort_IBUF_BUFG
    SLICE_X65Y85         FDCE                                         r  bc/board_reg[7]/C
  -------------------------------------------------------------------    -------------------
    SLICE_X65Y85         FDCE (Prop_fdce_C_Q)         0.128     1.611 f  bc/board_reg[7]/Q
                         net (fo=4, routed)           0.185     1.796    bc/board_reg[7]_0
    SLICE_X65Y85         LUT4 (Prop_lut4_I1_O)        0.099     1.895 f  bc/PlayerA_Win_Count[3]_i_3/O
                         net (fo=15, routed)          0.475     2.370    bc/PlayerA_Win_Count[3]_i_3_n_0
    SLICE_X58Y87         LUT5 (Prop_lut5_I1_O)        0.044     2.414 r  bc/PlayerA_Win_Count[3]_i_1/O
                         net (fo=4, routed)           0.257     2.671    bc/PlayerA_Win_Count[3]_i_1_n_0
    SLICE_X54Y89         FDRE                                         r  bc/PlayerA_Win_Count_reg[1]/CE
  -------------------------------------------------------------------    -------------------

Slack:                    inf
  Source:                 bc/board_reg[7]/C
                            (rising edge-triggered cell FDCE clocked by ClkPort  {rise@0.000ns fall@5.000ns period=10.000ns})
  Destination:            bc/PlayerA_Win_Count_reg[2]/CE
  Path Group:             (none)
  Path Type:              Min at Fast Process Corner
  Data Path Delay:        1.188ns  (logic 0.271ns (22.808%)  route 0.917ns (77.192%))
  Logic Levels:           2  (LUT4=1 LUT5=1)
  Clock Uncertainty:      0.025ns  ((TSJ^2 + TIJ^2)^1/2 + DJ) / 2 + PE
    Total System Jitter     (TSJ):    0.050ns
    Total Input Jitter      (TIJ):    0.000ns
    Discrete Jitter          (DJ):    0.000ns
    Phase Error              (PE):    0.000ns

    Location             Delay type                Incr(ns)  Path(ns)    Netlist Resource(s)
  -------------------------------------------------------------------    -------------------
                         (clock ClkPort rise edge)    0.000     0.000 r  
    E3                                                0.000     0.000 r  ClkPort (IN)
                         net (fo=0)                   0.000     0.000    ClkPort
    E3                   IBUF (Prop_ibuf_I_O)         0.250     0.250 r  ClkPort_IBUF_inst/O
                         net (fo=1, routed)           0.644     0.894    ClkPort_IBUF
    BUFGCTRL_X0Y16       BUFG (Prop_bufg_I_O)         0.026     0.920 r  ClkPort_IBUF_BUFG_inst/O
                         net (fo=275, routed)         0.564     1.483    bc/ClkPort_IBUF_BUFG
    SLICE_X65Y85         FDCE                                         r  bc/board_reg[7]/C
  -------------------------------------------------------------------    -------------------
    SLICE_X65Y85         FDCE (Prop_fdce_C_Q)         0.128     1.611 f  bc/board_reg[7]/Q
                         net (fo=4, routed)           0.185     1.796    bc/board_reg[7]_0
    SLICE_X65Y85         LUT4 (Prop_lut4_I1_O)        0.099     1.895 f  bc/PlayerA_Win_Count[3]_i_3/O
                         net (fo=15, routed)          0.475     2.370    bc/PlayerA_Win_Count[3]_i_3_n_0
    SLICE_X58Y87         LUT5 (Prop_lut5_I1_O)        0.044     2.414 r  bc/PlayerA_Win_Count[3]_i_1/O
                         net (fo=4, routed)           0.257     2.671    bc/PlayerA_Win_Count[3]_i_1_n_0
    SLICE_X54Y89         FDRE                                         r  bc/PlayerA_Win_Count_reg[2]/CE
  -------------------------------------------------------------------    -------------------

Slack:                    inf
  Source:                 bc/board_reg[7]/C
                            (rising edge-triggered cell FDCE clocked by ClkPort  {rise@0.000ns fall@5.000ns period=10.000ns})
  Destination:            bc/PlayerA_Win_Count_reg[3]/CE
  Path Group:             (none)
  Path Type:              Min at Fast Process Corner
  Data Path Delay:        1.188ns  (logic 0.271ns (22.808%)  route 0.917ns (77.192%))
  Logic Levels:           2  (LUT4=1 LUT5=1)
  Clock Uncertainty:      0.025ns  ((TSJ^2 + TIJ^2)^1/2 + DJ) / 2 + PE
    Total System Jitter     (TSJ):    0.050ns
    Total Input Jitter      (TIJ):    0.000ns
    Discrete Jitter          (DJ):    0.000ns
    Phase Error              (PE):    0.000ns

    Location             Delay type                Incr(ns)  Path(ns)    Netlist Resource(s)
  -------------------------------------------------------------------    -------------------
                         (clock ClkPort rise edge)    0.000     0.000 r  
    E3                                                0.000     0.000 r  ClkPort (IN)
                         net (fo=0)                   0.000     0.000    ClkPort
    E3                   IBUF (Prop_ibuf_I_O)         0.250     0.250 r  ClkPort_IBUF_inst/O
                         net (fo=1, routed)           0.644     0.894    ClkPort_IBUF
    BUFGCTRL_X0Y16       BUFG (Prop_bufg_I_O)         0.026     0.920 r  ClkPort_IBUF_BUFG_inst/O
                         net (fo=275, routed)         0.564     1.483    bc/ClkPort_IBUF_BUFG
    SLICE_X65Y85         FDCE                                         r  bc/board_reg[7]/C
  -------------------------------------------------------------------    -------------------
    SLICE_X65Y85         FDCE (Prop_fdce_C_Q)         0.128     1.611 f  bc/board_reg[7]/Q
                         net (fo=4, routed)           0.185     1.796    bc/board_reg[7]_0
    SLICE_X65Y85         LUT4 (Prop_lut4_I1_O)        0.099     1.895 f  bc/PlayerA_Win_Count[3]_i_3/O
                         net (fo=15, routed)          0.475     2.370    bc/PlayerA_Win_Count[3]_i_3_n_0
    SLICE_X58Y87         LUT5 (Prop_lut5_I1_O)        0.044     2.414 r  bc/PlayerA_Win_Count[3]_i_1/O
                         net (fo=4, routed)           0.257     2.671    bc/PlayerA_Win_Count[3]_i_1_n_0
    SLICE_X54Y89         FDRE                                         r  bc/PlayerA_Win_Count_reg[3]/CE
  -------------------------------------------------------------------    -------------------

Slack:                    inf
  Source:                 DIV_CLK_reg[19]/C
                            (rising edge-triggered cell FDCE clocked by ClkPort  {rise@0.000ns fall@5.000ns period=10.000ns})
  Destination:            An1
                            (output port)
  Path Group:             (none)
  Path Type:              Min at Fast Process Corner
  Data Path Delay:        2.825ns  (logic 1.422ns (50.348%)  route 1.403ns (49.652%))
  Logic Levels:           2  (LUT3=1 OBUF=1)
  Clock Uncertainty:      0.025ns  ((TSJ^2 + TIJ^2)^1/2 + DJ) / 2 + PE
    Total System Jitter     (TSJ):    0.050ns
    Total Input Jitter      (TIJ):    0.000ns
    Discrete Jitter          (DJ):    0.000ns
    Phase Error              (PE):    0.000ns

    Location             Delay type                Incr(ns)  Path(ns)    Netlist Resource(s)
  -------------------------------------------------------------------    -------------------
                         (clock ClkPort rise edge)    0.000     0.000 r  
    E3                                                0.000     0.000 r  ClkPort (IN)
                         net (fo=0)                   0.000     0.000    ClkPort
    E3                   IBUF (Prop_ibuf_I_O)         0.250     0.250 r  ClkPort_IBUF_inst/O
                         net (fo=1, routed)           0.644     0.894    ClkPort_IBUF
    BUFGCTRL_X0Y16       BUFG (Prop_bufg_I_O)         0.026     0.920 r  ClkPort_IBUF_BUFG_inst/O
                         net (fo=275, routed)         0.562     1.481    ClkPort_IBUF_BUFG
    SLICE_X52Y88         FDCE                                         r  DIV_CLK_reg[19]/C
  -------------------------------------------------------------------    -------------------
    SLICE_X52Y88         FDCE (Prop_fdce_C_Q)         0.141     1.622 r  DIV_CLK_reg[19]/Q
                         net (fo=14, routed)          0.488     2.110    p_1_in
    SLICE_X28Y90         LUT3 (Prop_lut3_I1_O)        0.045     2.155 r  An1_OBUF_inst_i_1/O
                         net (fo=1, routed)           0.915     3.070    An1_OBUF
    J18                  OBUF (Prop_obuf_I_O)         1.236     4.307 r  An1_OBUF_inst/O
                         net (fo=0)                   0.000     4.307    An1
    J18                                                               r  An1 (OUT)
  -------------------------------------------------------------------    -------------------





--------------------------------------------------------------------------------------
Path Group:  (none)
From Clock:  
  To Clock:  ClkPort

Max Delay           823 Endpoints
Min Delay           823 Endpoints
--------------------------------------------------------------------------------------


Max Delay Paths
--------------------------------------------------------------------------------------
Slack:                    inf
  Source:                 dc/vCount_reg[2]/C
                            (rising edge-triggered cell FDRE)
  Destination:            <hidden>
                            (rising edge-triggered cell RAMB36E1 clocked by ClkPort  {rise@0.000ns fall@5.000ns period=10.000ns})
  Path Group:             (none)
  Path Type:              Setup (Max at Slow Process Corner)
  Data Path Delay:        17.405ns  (logic 4.719ns (27.112%)  route 12.686ns (72.888%))
  Logic Levels:           15  (CARRY4=6 FDRE=1 LUT1=1 LUT3=2 LUT4=1 LUT5=3 LUT6=1)
  Clock Uncertainty:      0.025ns  ((TSJ^2 + TIJ^2)^1/2 + DJ) / 2 + PE
    Total System Jitter     (TSJ):    0.050ns
    Total Input Jitter      (TIJ):    0.000ns
    Discrete Jitter          (DJ):    0.000ns
    Phase Error              (PE):    0.000ns

    Location             Delay type                Incr(ns)  Path(ns)    Netlist Resource(s)
  -------------------------------------------------------------------    -------------------
    SLICE_X59Y85         FDRE                         0.000     0.000 r  dc/vCount_reg[2]/C
    SLICE_X59Y85         FDRE (Prop_fdre_C_Q)         0.456     0.456 f  dc/vCount_reg[2]/Q
                         net (fo=38, routed)          1.241     1.697    dc/vc[2]
    SLICE_X59Y85         LUT5 (Prop_lut5_I0_O)        0.152     1.849 r  dc/bram_address0_carry__1_i_5/O
                         net (fo=6, routed)           0.464     2.313    dc/bram_address0_carry__1_i_5_n_0
    SLICE_X59Y83         LUT5 (Prop_lut5_I1_O)        0.325     2.638 r  dc/blue_bram_inst_i_20/O
                         net (fo=2, routed)           0.672     3.310    dc/blue_bram_inst_i_20_n_0
    SLICE_X58Y83         LUT6 (Prop_lut6_I5_O)        0.332     3.642 r  dc/blue_bram_inst_i_8/O
                         net (fo=23, routed)          1.116     4.758    dc/blue_bram_inst_i_8_n_0
    SLICE_X55Y83         LUT3 (Prop_lut3_I0_O)        0.150     4.908 f  dc/bram_address0__25_carry__0_i_1/O
                         net (fo=6, routed)           0.865     5.773    dc/vCount_reg[6]_3[0]
    SLICE_X57Y82         LUT1 (Prop_lut1_I0_O)        0.332     6.105 r  dc/bram_address0__25_carry_i_4/O
                         net (fo=1, routed)           0.000     6.105    bc/bram_address0__54_carry_i_3_1[1]
    SLICE_X57Y82         CARRY4 (Prop_carry4_S[1]_CO[3])
                                                      0.550     6.655 r  bc/bram_address0__25_carry/CO[3]
                         net (fo=1, routed)           0.000     6.655    bc/bram_address0__25_carry_n_0
    SLICE_X57Y83         CARRY4 (Prop_carry4_CI_CO[3])
                                                      0.114     6.769 r  bc/bram_address0__25_carry__0/CO[3]
                         net (fo=1, routed)           0.000     6.769    bc/bram_address0__25_carry__0_n_0
    SLICE_X57Y84         CARRY4 (Prop_carry4_CI_O[0])
                                                      0.222     6.991 r  bc/bram_address0__25_carry__1/O[0]
                         net (fo=2, routed)           0.960     7.951    dc/bram_address0__54_carry__1[0]
    SLICE_X55Y86         LUT3 (Prop_lut3_I2_O)        0.327     8.278 r  dc/bram_address0__54_carry__1_i_3/O
                         net (fo=2, routed)           1.013     9.292    dc/vCount_reg[6]_9[1]
    SLICE_X55Y86         LUT4 (Prop_lut4_I3_O)        0.326     9.618 r  dc/bram_address0__54_carry__1_i_7/O
                         net (fo=1, routed)           0.000     9.618    bc/blue_bram_inst_i_3_1[1]
    SLICE_X55Y86         CARRY4 (Prop_carry4_S[1]_O[1])
                                                      0.227     9.845 r  bc/bram_address0__54_carry__1/O[1]
                         net (fo=1, routed)           0.477    10.322    bc/bram_address0[12]
    SLICE_X56Y83         CARRY4 (Prop_carry4_S[3]_CO[3])
                                                      0.679    11.001 r  bc/blue_bram_inst_i_3/CO[3]
                         net (fo=1, routed)           0.000    11.001    bc/blue_bram_inst_i_3_n_0
    SLICE_X56Y84         CARRY4 (Prop_carry4_CI_O[0])
                                                      0.232    11.233 r  bc/blue_bram_inst_i_2/O[0]
                         net (fo=45, routed)          4.818    16.051    <hidden>
    SLICE_X62Y39         LUT5 (Prop_lut5_I3_O)        0.295    16.346 r  <hidden>
                         net (fo=1, routed)           1.059    17.405    <hidden>
    RAMB36_X1Y5          RAMB36E1                                     r  <hidden>
  -------------------------------------------------------------------    -------------------

                         (clock ClkPort rise edge)    0.000     0.000 r  
    E3                                                0.000     0.000 r  ClkPort (IN)
                         net (fo=0)                   0.000     0.000    ClkPort
    E3                   IBUF (Prop_ibuf_I_O)         1.411     1.411 r  ClkPort_IBUF_inst/O
                         net (fo=1, routed)           1.920     3.331    ClkPort_IBUF
    BUFGCTRL_X0Y16       BUFG (Prop_bufg_I_O)         0.091     3.422 r  ClkPort_IBUF_BUFG_inst/O
                         net (fo=275, routed)         1.706     5.129    <hidden>
    RAMB36_X1Y5          RAMB36E1                                     r  <hidden>

Slack:                    inf
  Source:                 dc/vCount_reg[2]/C
                            (rising edge-triggered cell FDRE)
  Destination:            <hidden>
                            (rising edge-triggered cell RAMB36E1 clocked by ClkPort  {rise@0.000ns fall@5.000ns period=10.000ns})
  Path Group:             (none)
  Path Type:              Setup (Max at Slow Process Corner)
  Data Path Delay:        17.251ns  (logic 4.747ns (27.517%)  route 12.504ns (72.483%))
  Logic Levels:           15  (CARRY4=6 FDRE=1 LUT1=1 LUT3=2 LUT4=1 LUT5=3 LUT6=1)
  Clock Uncertainty:      0.025ns  ((TSJ^2 + TIJ^2)^1/2 + DJ) / 2 + PE
    Total System Jitter     (TSJ):    0.050ns
    Total Input Jitter      (TIJ):    0.000ns
    Discrete Jitter          (DJ):    0.000ns
    Phase Error              (PE):    0.000ns

    Location             Delay type                Incr(ns)  Path(ns)    Netlist Resource(s)
  -------------------------------------------------------------------    -------------------
    SLICE_X59Y85         FDRE                         0.000     0.000 r  dc/vCount_reg[2]/C
    SLICE_X59Y85         FDRE (Prop_fdre_C_Q)         0.456     0.456 f  dc/vCount_reg[2]/Q
                         net (fo=38, routed)          1.241     1.697    dc/vc[2]
    SLICE_X59Y85         LUT5 (Prop_lut5_I0_O)        0.152     1.849 r  dc/bram_address0_carry__1_i_5/O
                         net (fo=6, routed)           0.464     2.313    dc/bram_address0_carry__1_i_5_n_0
    SLICE_X59Y83         LUT5 (Prop_lut5_I1_O)        0.325     2.638 r  dc/blue_bram_inst_i_20/O
                         net (fo=2, routed)           0.672     3.310    dc/blue_bram_inst_i_20_n_0
    SLICE_X58Y83         LUT6 (Prop_lut6_I5_O)        0.332     3.642 r  dc/blue_bram_inst_i_8/O
                         net (fo=23, routed)          1.116     4.758    dc/blue_bram_inst_i_8_n_0
    SLICE_X55Y83         LUT3 (Prop_lut3_I0_O)        0.150     4.908 f  dc/bram_address0__25_carry__0_i_1/O
                         net (fo=6, routed)           0.865     5.773    dc/vCount_reg[6]_3[0]
    SLICE_X57Y82         LUT1 (Prop_lut1_I0_O)        0.332     6.105 r  dc/bram_address0__25_carry_i_4/O
                         net (fo=1, routed)           0.000     6.105    bc/bram_address0__54_carry_i_3_1[1]
    SLICE_X57Y82         CARRY4 (Prop_carry4_S[1]_CO[3])
                                                      0.550     6.655 r  bc/bram_address0__25_carry/CO[3]
                         net (fo=1, routed)           0.000     6.655    bc/bram_address0__25_carry_n_0
    SLICE_X57Y83         CARRY4 (Prop_carry4_CI_CO[3])
                                                      0.114     6.769 r  bc/bram_address0__25_carry__0/CO[3]
                         net (fo=1, routed)           0.000     6.769    bc/bram_address0__25_carry__0_n_0
    SLICE_X57Y84         CARRY4 (Prop_carry4_CI_O[0])
                                                      0.222     6.991 r  bc/bram_address0__25_carry__1/O[0]
                         net (fo=2, routed)           0.960     7.951    dc/bram_address0__54_carry__1[0]
    SLICE_X55Y86         LUT3 (Prop_lut3_I2_O)        0.327     8.278 r  dc/bram_address0__54_carry__1_i_3/O
                         net (fo=2, routed)           1.013     9.292    dc/vCount_reg[6]_9[1]
    SLICE_X55Y86         LUT4 (Prop_lut4_I3_O)        0.326     9.618 r  dc/bram_address0__54_carry__1_i_7/O
                         net (fo=1, routed)           0.000     9.618    bc/blue_bram_inst_i_3_1[1]
    SLICE_X55Y86         CARRY4 (Prop_carry4_S[1]_O[1])
                                                      0.227     9.845 r  bc/bram_address0__54_carry__1/O[1]
                         net (fo=1, routed)           0.477    10.322    bc/bram_address0[12]
    SLICE_X56Y83         CARRY4 (Prop_carry4_S[3]_CO[3])
                                                      0.679    11.001 r  bc/blue_bram_inst_i_3/CO[3]
                         net (fo=1, routed)           0.000    11.001    bc/blue_bram_inst_i_3_n_0
    SLICE_X56Y84         CARRY4 (Prop_carry4_CI_O[0])
                                                      0.232    11.233 f  bc/blue_bram_inst_i_2/O[0]
                         net (fo=45, routed)          4.968    16.201    <hidden>
    SLICE_X68Y39         LUT5 (Prop_lut5_I1_O)        0.323    16.524 r  <hidden>
                         net (fo=1, routed)           0.727    17.251    <hidden>
    RAMB36_X2Y7          RAMB36E1                                     r  <hidden>
  -------------------------------------------------------------------    -------------------

                         (clock ClkPort rise edge)    0.000     0.000 r  
    E3                                                0.000     0.000 r  ClkPort (IN)
                         net (fo=0)                   0.000     0.000    ClkPort
    E3                   IBUF (Prop_ibuf_I_O)         1.411     1.411 r  ClkPort_IBUF_inst/O
                         net (fo=1, routed)           1.920     3.331    ClkPort_IBUF
    BUFGCTRL_X0Y16       BUFG (Prop_bufg_I_O)         0.091     3.422 r  ClkPort_IBUF_BUFG_inst/O
                         net (fo=275, routed)         1.766     5.189    <hidden>
    RAMB36_X2Y7          RAMB36E1                                     r  <hidden>

Slack:                    inf
  Source:                 dc/vCount_reg[2]/C
                            (rising edge-triggered cell FDRE)
  Destination:            <hidden>
                            (rising edge-triggered cell RAMB36E1 clocked by ClkPort  {rise@0.000ns fall@5.000ns period=10.000ns})
  Path Group:             (none)
  Path Type:              Setup (Max at Slow Process Corner)
  Data Path Delay:        17.156ns  (logic 4.719ns (27.506%)  route 12.437ns (72.494%))
  Logic Levels:           15  (CARRY4=6 FDRE=1 LUT1=1 LUT3=2 LUT4=1 LUT5=3 LUT6=1)
  Clock Uncertainty:      0.025ns  ((TSJ^2 + TIJ^2)^1/2 + DJ) / 2 + PE
    Total System Jitter     (TSJ):    0.050ns
    Total Input Jitter      (TIJ):    0.000ns
    Discrete Jitter          (DJ):    0.000ns
    Phase Error              (PE):    0.000ns

    Location             Delay type                Incr(ns)  Path(ns)    Netlist Resource(s)
  -------------------------------------------------------------------    -------------------
    SLICE_X59Y85         FDRE                         0.000     0.000 r  dc/vCount_reg[2]/C
    SLICE_X59Y85         FDRE (Prop_fdre_C_Q)         0.456     0.456 f  dc/vCount_reg[2]/Q
                         net (fo=38, routed)          1.241     1.697    dc/vc[2]
    SLICE_X59Y85         LUT5 (Prop_lut5_I0_O)        0.152     1.849 r  dc/bram_address0_carry__1_i_5/O
                         net (fo=6, routed)           0.464     2.313    dc/bram_address0_carry__1_i_5_n_0
    SLICE_X59Y83         LUT5 (Prop_lut5_I1_O)        0.325     2.638 r  dc/blue_bram_inst_i_20/O
                         net (fo=2, routed)           0.672     3.310    dc/blue_bram_inst_i_20_n_0
    SLICE_X58Y83         LUT6 (Prop_lut6_I5_O)        0.332     3.642 r  dc/blue_bram_inst_i_8/O
                         net (fo=23, routed)          1.116     4.758    dc/blue_bram_inst_i_8_n_0
    SLICE_X55Y83         LUT3 (Prop_lut3_I0_O)        0.150     4.908 f  dc/bram_address0__25_carry__0_i_1/O
                         net (fo=6, routed)           0.865     5.773    dc/vCount_reg[6]_3[0]
    SLICE_X57Y82         LUT1 (Prop_lut1_I0_O)        0.332     6.105 r  dc/bram_address0__25_carry_i_4/O
                         net (fo=1, routed)           0.000     6.105    bc/bram_address0__54_carry_i_3_1[1]
    SLICE_X57Y82         CARRY4 (Prop_carry4_S[1]_CO[3])
                                                      0.550     6.655 r  bc/bram_address0__25_carry/CO[3]
                         net (fo=1, routed)           0.000     6.655    bc/bram_address0__25_carry_n_0
    SLICE_X57Y83         CARRY4 (Prop_carry4_CI_CO[3])
                                                      0.114     6.769 r  bc/bram_address0__25_carry__0/CO[3]
                         net (fo=1, routed)           0.000     6.769    bc/bram_address0__25_carry__0_n_0
    SLICE_X57Y84         CARRY4 (Prop_carry4_CI_O[0])
                                                      0.222     6.991 r  bc/bram_address0__25_carry__1/O[0]
                         net (fo=2, routed)           0.960     7.951    dc/bram_address0__54_carry__1[0]
    SLICE_X55Y86         LUT3 (Prop_lut3_I2_O)        0.327     8.278 r  dc/bram_address0__54_carry__1_i_3/O
                         net (fo=2, routed)           1.013     9.292    dc/vCount_reg[6]_9[1]
    SLICE_X55Y86         LUT4 (Prop_lut4_I3_O)        0.326     9.618 r  dc/bram_address0__54_carry__1_i_7/O
                         net (fo=1, routed)           0.000     9.618    bc/blue_bram_inst_i_3_1[1]
    SLICE_X55Y86         CARRY4 (Prop_carry4_S[1]_O[1])
                                                      0.227     9.845 r  bc/bram_address0__54_carry__1/O[1]
                         net (fo=1, routed)           0.477    10.322    bc/bram_address0[12]
    SLICE_X56Y83         CARRY4 (Prop_carry4_S[3]_CO[3])
                                                      0.679    11.001 r  bc/blue_bram_inst_i_3/CO[3]
                         net (fo=1, routed)           0.000    11.001    bc/blue_bram_inst_i_3_n_0
    SLICE_X56Y84         CARRY4 (Prop_carry4_CI_O[0])
                                                      0.232    11.233 f  bc/blue_bram_inst_i_2/O[0]
                         net (fo=45, routed)          4.968    16.201    <hidden>
    SLICE_X68Y39         LUT5 (Prop_lut5_I1_O)        0.295    16.496 r  <hidden>
                         net (fo=1, routed)           0.660    17.156    <hidden>
    RAMB36_X1Y7          RAMB36E1                                     r  <hidden>
  -------------------------------------------------------------------    -------------------

                         (clock ClkPort rise edge)    0.000     0.000 r  
    E3                                                0.000     0.000 r  ClkPort (IN)
                         net (fo=0)                   0.000     0.000    ClkPort
    E3                   IBUF (Prop_ibuf_I_O)         1.411     1.411 r  ClkPort_IBUF_inst/O
                         net (fo=1, routed)           1.920     3.331    ClkPort_IBUF
    BUFGCTRL_X0Y16       BUFG (Prop_bufg_I_O)         0.091     3.422 r  ClkPort_IBUF_BUFG_inst/O
                         net (fo=275, routed)         1.715     5.138    <hidden>
    RAMB36_X1Y7          RAMB36E1                                     r  <hidden>

Slack:                    inf
  Source:                 dc/vCount_reg[2]/C
                            (rising edge-triggered cell FDRE)
  Destination:            <hidden>
                            (rising edge-triggered cell RAMB36E1 clocked by ClkPort  {rise@0.000ns fall@5.000ns period=10.000ns})
  Path Group:             (none)
  Path Type:              Setup (Max at Slow Process Corner)
  Data Path Delay:        17.070ns  (logic 4.752ns (27.838%)  route 12.318ns (72.162%))
  Logic Levels:           15  (CARRY4=6 FDRE=1 LUT1=1 LUT3=2 LUT4=1 LUT5=3 LUT6=1)
  Clock Uncertainty:      0.025ns  ((TSJ^2 + TIJ^2)^1/2 + DJ) / 2 + PE
    Total System Jitter     (TSJ):    0.050ns
    Total Input Jitter      (TIJ):    0.000ns
    Discrete Jitter          (DJ):    0.000ns
    Phase Error              (PE):    0.000ns

    Location             Delay type                Incr(ns)  Path(ns)    Netlist Resource(s)
  -------------------------------------------------------------------    -------------------
    SLICE_X59Y85         FDRE                         0.000     0.000 r  dc/vCount_reg[2]/C
    SLICE_X59Y85         FDRE (Prop_fdre_C_Q)         0.456     0.456 f  dc/vCount_reg[2]/Q
                         net (fo=38, routed)          1.241     1.697    dc/vc[2]
    SLICE_X59Y85         LUT5 (Prop_lut5_I0_O)        0.152     1.849 r  dc/bram_address0_carry__1_i_5/O
                         net (fo=6, routed)           0.464     2.313    dc/bram_address0_carry__1_i_5_n_0
    SLICE_X59Y83         LUT5 (Prop_lut5_I1_O)        0.325     2.638 r  dc/blue_bram_inst_i_20/O
                         net (fo=2, routed)           0.672     3.310    dc/blue_bram_inst_i_20_n_0
    SLICE_X58Y83         LUT6 (Prop_lut6_I5_O)        0.332     3.642 r  dc/blue_bram_inst_i_8/O
                         net (fo=23, routed)          1.116     4.758    dc/blue_bram_inst_i_8_n_0
    SLICE_X55Y83         LUT3 (Prop_lut3_I0_O)        0.150     4.908 f  dc/bram_address0__25_carry__0_i_1/O
                         net (fo=6, routed)           0.865     5.773    dc/vCount_reg[6]_3[0]
    SLICE_X57Y82         LUT1 (Prop_lut1_I0_O)        0.332     6.105 r  dc/bram_address0__25_carry_i_4/O
                         net (fo=1, routed)           0.000     6.105    bc/bram_address0__54_carry_i_3_1[1]
    SLICE_X57Y82         CARRY4 (Prop_carry4_S[1]_CO[3])
                                                      0.550     6.655 r  bc/bram_address0__25_carry/CO[3]
                         net (fo=1, routed)           0.000     6.655    bc/bram_address0__25_carry_n_0
    SLICE_X57Y83         CARRY4 (Prop_carry4_CI_CO[3])
                                                      0.114     6.769 r  bc/bram_address0__25_carry__0/CO[3]
                         net (fo=1, routed)           0.000     6.769    bc/bram_address0__25_carry__0_n_0
    SLICE_X57Y84         CARRY4 (Prop_carry4_CI_O[0])
                                                      0.222     6.991 r  bc/bram_address0__25_carry__1/O[0]
                         net (fo=2, routed)           0.960     7.951    dc/bram_address0__54_carry__1[0]
    SLICE_X55Y86         LUT3 (Prop_lut3_I2_O)        0.327     8.278 r  dc/bram_address0__54_carry__1_i_3/O
                         net (fo=2, routed)           1.013     9.292    dc/vCount_reg[6]_9[1]
    SLICE_X55Y86         LUT4 (Prop_lut4_I3_O)        0.326     9.618 r  dc/bram_address0__54_carry__1_i_7/O
                         net (fo=1, routed)           0.000     9.618    bc/blue_bram_inst_i_3_1[1]
    SLICE_X55Y86         CARRY4 (Prop_carry4_S[1]_O[1])
                                                      0.227     9.845 r  bc/bram_address0__54_carry__1/O[1]
                         net (fo=1, routed)           0.477    10.322    bc/bram_address0[12]
    SLICE_X56Y83         CARRY4 (Prop_carry4_S[3]_CO[3])
                                                      0.679    11.001 r  bc/blue_bram_inst_i_3/CO[3]
                         net (fo=1, routed)           0.000    11.001    bc/blue_bram_inst_i_3_n_0
    SLICE_X56Y84         CARRY4 (Prop_carry4_CI_O[0])
                                                      0.232    11.233 r  bc/blue_bram_inst_i_2/O[0]
                         net (fo=45, routed)          4.818    16.051    <hidden>
    SLICE_X62Y39         LUT5 (Prop_lut5_I4_O)        0.328    16.379 r  <hidden>
                         net (fo=1, routed)           0.691    17.070    <hidden>
    RAMB36_X1Y6          RAMB36E1                                     r  <hidden>
  -------------------------------------------------------------------    -------------------

                         (clock ClkPort rise edge)    0.000     0.000 r  
    E3                                                0.000     0.000 r  ClkPort (IN)
                         net (fo=0)                   0.000     0.000    ClkPort
    E3                   IBUF (Prop_ibuf_I_O)         1.411     1.411 r  ClkPort_IBUF_inst/O
                         net (fo=1, routed)           1.920     3.331    ClkPort_IBUF
    BUFGCTRL_X0Y16       BUFG (Prop_bufg_I_O)         0.091     3.422 r  ClkPort_IBUF_BUFG_inst/O
                         net (fo=275, routed)         1.711     5.134    <hidden>
    RAMB36_X1Y6          RAMB36E1                                     r  <hidden>

Slack:                    inf
  Source:                 dc/vCount_reg[2]/C
                            (rising edge-triggered cell FDRE)
  Destination:            <hidden>
                            (rising edge-triggered cell RAMB36E1 clocked by ClkPort  {rise@0.000ns fall@5.000ns period=10.000ns})
  Path Group:             (none)
  Path Type:              Setup (Max at Slow Process Corner)
  Data Path Delay:        16.967ns  (logic 4.925ns (29.028%)  route 12.042ns (70.972%))
  Logic Levels:           14  (CARRY4=5 FDRE=1 LUT1=1 LUT3=2 LUT4=1 LUT5=3 LUT6=1)
  Clock Uncertainty:      0.025ns  ((TSJ^2 + TIJ^2)^1/2 + DJ) / 2 + PE
    Total System Jitter     (TSJ):    0.050ns
    Total Input Jitter      (TIJ):    0.000ns
    Discrete Jitter          (DJ):    0.000ns
    Phase Error              (PE):    0.000ns

    Location             Delay type                Incr(ns)  Path(ns)    Netlist Resource(s)
  -------------------------------------------------------------------    -------------------
    SLICE_X59Y85         FDRE                         0.000     0.000 r  dc/vCount_reg[2]/C
    SLICE_X59Y85         FDRE (Prop_fdre_C_Q)         0.456     0.456 f  dc/vCount_reg[2]/Q
                         net (fo=38, routed)          1.241     1.697    dc/vc[2]
    SLICE_X59Y85         LUT5 (Prop_lut5_I0_O)        0.152     1.849 r  dc/bram_address0_carry__1_i_5/O
                         net (fo=6, routed)           0.464     2.313    dc/bram_address0_carry__1_i_5_n_0
    SLICE_X59Y83         LUT5 (Prop_lut5_I1_O)        0.325     2.638 r  dc/blue_bram_inst_i_20/O
                         net (fo=2, routed)           0.672     3.310    dc/blue_bram_inst_i_20_n_0
    SLICE_X58Y83         LUT6 (Prop_lut6_I5_O)        0.332     3.642 r  dc/blue_bram_inst_i_8/O
                         net (fo=23, routed)          1.116     4.758    dc/blue_bram_inst_i_8_n_0
    SLICE_X55Y83         LUT3 (Prop_lut3_I0_O)        0.150     4.908 f  dc/bram_address0__25_carry__0_i_1/O
                         net (fo=6, routed)           0.865     5.773    dc/vCount_reg[6]_3[0]
    SLICE_X57Y82         LUT1 (Prop_lut1_I0_O)        0.332     6.105 r  dc/bram_address0__25_carry_i_4/O
                         net (fo=1, routed)           0.000     6.105    bc/bram_address0__54_carry_i_3_1[1]
    SLICE_X57Y82         CARRY4 (Prop_carry4_S[1]_CO[3])
                                                      0.550     6.655 r  bc/bram_address0__25_carry/CO[3]
                         net (fo=1, routed)           0.000     6.655    bc/bram_address0__25_carry_n_0
    SLICE_X57Y83         CARRY4 (Prop_carry4_CI_CO[3])
                                                      0.114     6.769 r  bc/bram_address0__25_carry__0/CO[3]
                         net (fo=1, routed)           0.000     6.769    bc/bram_address0__25_carry__0_n_0
    SLICE_X57Y84         CARRY4 (Prop_carry4_CI_O[0])
                                                      0.222     6.991 r  bc/bram_address0__25_carry__1/O[0]
                         net (fo=2, routed)           0.960     7.951    dc/bram_address0__54_carry__1[0]
    SLICE_X55Y86         LUT3 (Prop_lut3_I2_O)        0.327     8.278 r  dc/bram_address0__54_carry__1_i_3/O
                         net (fo=2, routed)           1.013     9.292    dc/vCount_reg[6]_9[1]
    SLICE_X55Y86         LUT4 (Prop_lut4_I3_O)        0.326     9.618 r  dc/bram_address0__54_carry__1_i_7/O
                         net (fo=1, routed)           0.000     9.618    bc/blue_bram_inst_i_3_1[1]
    SLICE_X55Y86         CARRY4 (Prop_carry4_S[1]_O[2])
                                                      0.580    10.198 r  bc/bram_address0__54_carry__1/O[2]
                         net (fo=1, routed)           0.468    10.666    bc/bram_address0[13]
    SLICE_X56Y84         CARRY4 (Prop_carry4_S[0]_O[1])
                                                      0.729    11.395 f  bc/blue_bram_inst_i_2/O[1]
                         net (fo=45, routed)          4.295    15.690    <hidden>
    SLICE_X8Y39          LUT5 (Prop_lut5_I1_O)        0.330    16.020 r  <hidden>
                         net (fo=1, routed)           0.947    16.967    <hidden>
    RAMB36_X0Y5          RAMB36E1                                     r  <hidden>
  -------------------------------------------------------------------    -------------------

                         (clock ClkPort rise edge)    0.000     0.000 r  
    E3                                                0.000     0.000 r  ClkPort (IN)
                         net (fo=0)                   0.000     0.000    ClkPort
    E3                   IBUF (Prop_ibuf_I_O)         1.411     1.411 r  ClkPort_IBUF_inst/O
                         net (fo=1, routed)           1.920     3.331    ClkPort_IBUF
    BUFGCTRL_X0Y16       BUFG (Prop_bufg_I_O)         0.091     3.422 r  ClkPort_IBUF_BUFG_inst/O
                         net (fo=275, routed)         1.722     5.145    <hidden>
    RAMB36_X0Y5          RAMB36E1                                     r  <hidden>

Slack:                    inf
  Source:                 dc/vCount_reg[2]/C
                            (rising edge-triggered cell FDRE)
  Destination:            <hidden>
                            (rising edge-triggered cell RAMB36E1 clocked by ClkPort  {rise@0.000ns fall@5.000ns period=10.000ns})
  Path Group:             (none)
  Path Type:              Setup (Max at Slow Process Corner)
  Data Path Delay:        16.883ns  (logic 5.139ns (30.438%)  route 11.744ns (69.562%))
  Logic Levels:           14  (CARRY4=5 FDRE=1 LUT1=1 LUT3=2 LUT4=1 LUT5=3 LUT6=1)
  Clock Uncertainty:      0.025ns  ((TSJ^2 + TIJ^2)^1/2 + DJ) / 2 + PE
    Total System Jitter     (TSJ):    0.050ns
    Total Input Jitter      (TIJ):    0.000ns
    Discrete Jitter          (DJ):    0.000ns
    Phase Error              (PE):    0.000ns

    Location             Delay type                Incr(ns)  Path(ns)    Netlist Resource(s)
  -------------------------------------------------------------------    -------------------
    SLICE_X59Y85         FDRE                         0.000     0.000 r  dc/vCount_reg[2]/C
    SLICE_X59Y85         FDRE (Prop_fdre_C_Q)         0.456     0.456 f  dc/vCount_reg[2]/Q
                         net (fo=38, routed)          1.241     1.697    dc/vc[2]
    SLICE_X59Y85         LUT5 (Prop_lut5_I0_O)        0.152     1.849 r  dc/bram_address0_carry__1_i_5/O
                         net (fo=6, routed)           0.464     2.313    dc/bram_address0_carry__1_i_5_n_0
    SLICE_X59Y83         LUT5 (Prop_lut5_I1_O)        0.325     2.638 r  dc/blue_bram_inst_i_20/O
                         net (fo=2, routed)           0.672     3.310    dc/blue_bram_inst_i_20_n_0
    SLICE_X58Y83         LUT6 (Prop_lut6_I5_O)        0.332     3.642 r  dc/blue_bram_inst_i_8/O
                         net (fo=23, routed)          1.116     4.758    dc/blue_bram_inst_i_8_n_0
    SLICE_X55Y83         LUT3 (Prop_lut3_I0_O)        0.150     4.908 f  dc/bram_address0__25_carry__0_i_1/O
                         net (fo=6, routed)           0.865     5.773    dc/vCount_reg[6]_3[0]
    SLICE_X57Y82         LUT1 (Prop_lut1_I0_O)        0.332     6.105 r  dc/bram_address0__25_carry_i_4/O
                         net (fo=1, routed)           0.000     6.105    bc/bram_address0__54_carry_i_3_1[1]
    SLICE_X57Y82         CARRY4 (Prop_carry4_S[1]_CO[3])
                                                      0.550     6.655 r  bc/bram_address0__25_carry/CO[3]
                         net (fo=1, routed)           0.000     6.655    bc/bram_address0__25_carry_n_0
    SLICE_X57Y83         CARRY4 (Prop_carry4_CI_CO[3])
                                                      0.114     6.769 r  bc/bram_address0__25_carry__0/CO[3]
                         net (fo=1, routed)           0.000     6.769    bc/bram_address0__25_carry__0_n_0
    SLICE_X57Y84         CARRY4 (Prop_carry4_CI_O[0])
                                                      0.222     6.991 r  bc/bram_address0__25_carry__1/O[0]
                         net (fo=2, routed)           0.960     7.951    dc/bram_address0__54_carry__1[0]
    SLICE_X55Y86         LUT3 (Prop_lut3_I2_O)        0.327     8.278 r  dc/bram_address0__54_carry__1_i_3/O
                         net (fo=2, routed)           1.013     9.292    dc/vCount_reg[6]_9[1]
    SLICE_X55Y86         LUT4 (Prop_lut4_I3_O)        0.326     9.618 r  dc/bram_address0__54_carry__1_i_7/O
                         net (fo=1, routed)           0.000     9.618    bc/blue_bram_inst_i_3_1[1]
    SLICE_X55Y86         CARRY4 (Prop_carry4_S[1]_O[3])
                                                      0.640    10.258 r  bc/bram_address0__54_carry__1/O[3]
                         net (fo=1, routed)           0.478    10.735    bc/bram_address0[14]
    SLICE_X56Y84         CARRY4 (Prop_carry4_S[1]_O[2])
                                                      0.884    11.619 f  bc/blue_bram_inst_i_2/O[2]
                         net (fo=39, routed)          4.050    15.669    <hidden>
    SLICE_X72Y52         LUT5 (Prop_lut5_I0_O)        0.329    15.998 r  <hidden>
                         net (fo=1, routed)           0.885    16.883    <hidden>
    RAMB36_X2Y9          RAMB36E1                                     r  <hidden>
  -------------------------------------------------------------------    -------------------

                         (clock ClkPort rise edge)    0.000     0.000 r  
    E3                                                0.000     0.000 r  ClkPort (IN)
                         net (fo=0)                   0.000     0.000    ClkPort
    E3                   IBUF (Prop_ibuf_I_O)         1.411     1.411 r  ClkPort_IBUF_inst/O
                         net (fo=1, routed)           1.920     3.331    ClkPort_IBUF
    BUFGCTRL_X0Y16       BUFG (Prop_bufg_I_O)         0.091     3.422 r  ClkPort_IBUF_BUFG_inst/O
                         net (fo=275, routed)         1.764     5.187    <hidden>
    RAMB36_X2Y9          RAMB36E1                                     r  <hidden>

Slack:                    inf
  Source:                 dc/vCount_reg[2]/C
                            (rising edge-triggered cell FDRE)
  Destination:            <hidden>
                            (rising edge-triggered cell RAMB36E1 clocked by ClkPort  {rise@0.000ns fall@5.000ns period=10.000ns})
  Path Group:             (none)
  Path Type:              Setup (Max at Slow Process Corner)
  Data Path Delay:        16.827ns  (logic 5.111ns (30.374%)  route 11.716ns (69.626%))
  Logic Levels:           14  (CARRY4=5 FDRE=1 LUT1=1 LUT3=2 LUT4=1 LUT5=3 LUT6=1)
  Clock Uncertainty:      0.025ns  ((TSJ^2 + TIJ^2)^1/2 + DJ) / 2 + PE
    Total System Jitter     (TSJ):    0.050ns
    Total Input Jitter      (TIJ):    0.000ns
    Discrete Jitter          (DJ):    0.000ns
    Phase Error              (PE):    0.000ns

    Location             Delay type                Incr(ns)  Path(ns)    Netlist Resource(s)
  -------------------------------------------------------------------    -------------------
    SLICE_X59Y85         FDRE                         0.000     0.000 r  dc/vCount_reg[2]/C
    SLICE_X59Y85         FDRE (Prop_fdre_C_Q)         0.456     0.456 f  dc/vCount_reg[2]/Q
                         net (fo=38, routed)          1.241     1.697    dc/vc[2]
    SLICE_X59Y85         LUT5 (Prop_lut5_I0_O)        0.152     1.849 r  dc/bram_address0_carry__1_i_5/O
                         net (fo=6, routed)           0.464     2.313    dc/bram_address0_carry__1_i_5_n_0
    SLICE_X59Y83         LUT5 (Prop_lut5_I1_O)        0.325     2.638 r  dc/blue_bram_inst_i_20/O
                         net (fo=2, routed)           0.672     3.310    dc/blue_bram_inst_i_20_n_0
    SLICE_X58Y83         LUT6 (Prop_lut6_I5_O)        0.332     3.642 r  dc/blue_bram_inst_i_8/O
                         net (fo=23, routed)          1.116     4.758    dc/blue_bram_inst_i_8_n_0
    SLICE_X55Y83         LUT3 (Prop_lut3_I0_O)        0.150     4.908 f  dc/bram_address0__25_carry__0_i_1/O
                         net (fo=6, routed)           0.865     5.773    dc/vCount_reg[6]_3[0]
    SLICE_X57Y82         LUT1 (Prop_lut1_I0_O)        0.332     6.105 r  dc/bram_address0__25_carry_i_4/O
                         net (fo=1, routed)           0.000     6.105    bc/bram_address0__54_carry_i_3_1[1]
    SLICE_X57Y82         CARRY4 (Prop_carry4_S[1]_CO[3])
                                                      0.550     6.655 r  bc/bram_address0__25_carry/CO[3]
                         net (fo=1, routed)           0.000     6.655    bc/bram_address0__25_carry_n_0
    SLICE_X57Y83         CARRY4 (Prop_carry4_CI_CO[3])
                                                      0.114     6.769 r  bc/bram_address0__25_carry__0/CO[3]
                         net (fo=1, routed)           0.000     6.769    bc/bram_address0__25_carry__0_n_0
    SLICE_X57Y84         CARRY4 (Prop_carry4_CI_O[0])
                                                      0.222     6.991 r  bc/bram_address0__25_carry__1/O[0]
                         net (fo=2, routed)           0.960     7.951    dc/bram_address0__54_carry__1[0]
    SLICE_X55Y86         LUT3 (Prop_lut3_I2_O)        0.327     8.278 r  dc/bram_address0__54_carry__1_i_3/O
                         net (fo=2, routed)           1.013     9.292    dc/vCount_reg[6]_9[1]
    SLICE_X55Y86         LUT4 (Prop_lut4_I3_O)        0.326     9.618 r  dc/bram_address0__54_carry__1_i_7/O
                         net (fo=1, routed)           0.000     9.618    bc/blue_bram_inst_i_3_1[1]
    SLICE_X55Y86         CARRY4 (Prop_carry4_S[1]_O[3])
                                                      0.640    10.258 r  bc/bram_address0__54_carry__1/O[3]
                         net (fo=1, routed)           0.478    10.735    bc/bram_address0[14]
    SLICE_X56Y84         CARRY4 (Prop_carry4_S[1]_O[2])
                                                      0.884    11.619 f  bc/blue_bram_inst_i_2/O[2]
                         net (fo=39, routed)          4.047    15.666    <hidden>
    SLICE_X72Y52         LUT5 (Prop_lut5_I0_O)        0.301    15.967 r  <hidden>
                         net (fo=1, routed)           0.860    16.827    <hidden>
    RAMB36_X3Y11         RAMB36E1                                     r  <hidden>
  -------------------------------------------------------------------    -------------------

                         (clock ClkPort rise edge)    0.000     0.000 r  
    E3                                                0.000     0.000 r  ClkPort (IN)
                         net (fo=0)                   0.000     0.000    ClkPort
    E3                   IBUF (Prop_ibuf_I_O)         1.411     1.411 r  ClkPort_IBUF_inst/O
                         net (fo=1, routed)           1.920     3.331    ClkPort_IBUF
    BUFGCTRL_X0Y16       BUFG (Prop_bufg_I_O)         0.091     3.422 r  ClkPort_IBUF_BUFG_inst/O
                         net (fo=275, routed)         1.638     5.060    <hidden>
    RAMB36_X3Y11         RAMB36E1                                     r  <hidden>

Slack:                    inf
  Source:                 dc/vCount_reg[2]/C
                            (rising edge-triggered cell FDRE)
  Destination:            <hidden>
                            (rising edge-triggered cell RAMB36E1 clocked by ClkPort  {rise@0.000ns fall@5.000ns period=10.000ns})
  Path Group:             (none)
  Path Type:              Setup (Max at Slow Process Corner)
  Data Path Delay:        16.741ns  (logic 5.139ns (30.697%)  route 11.602ns (69.303%))
  Logic Levels:           14  (CARRY4=5 FDRE=1 LUT1=1 LUT3=2 LUT4=1 LUT5=3 LUT6=1)
  Clock Uncertainty:      0.025ns  ((TSJ^2 + TIJ^2)^1/2 + DJ) / 2 + PE
    Total System Jitter     (TSJ):    0.050ns
    Total Input Jitter      (TIJ):    0.000ns
    Discrete Jitter          (DJ):    0.000ns
    Phase Error              (PE):    0.000ns

    Location             Delay type                Incr(ns)  Path(ns)    Netlist Resource(s)
  -------------------------------------------------------------------    -------------------
    SLICE_X59Y85         FDRE                         0.000     0.000 r  dc/vCount_reg[2]/C
    SLICE_X59Y85         FDRE (Prop_fdre_C_Q)         0.456     0.456 f  dc/vCount_reg[2]/Q
                         net (fo=38, routed)          1.241     1.697    dc/vc[2]
    SLICE_X59Y85         LUT5 (Prop_lut5_I0_O)        0.152     1.849 r  dc/bram_address0_carry__1_i_5/O
                         net (fo=6, routed)           0.464     2.313    dc/bram_address0_carry__1_i_5_n_0
    SLICE_X59Y83         LUT5 (Prop_lut5_I1_O)        0.325     2.638 r  dc/blue_bram_inst_i_20/O
                         net (fo=2, routed)           0.672     3.310    dc/blue_bram_inst_i_20_n_0
    SLICE_X58Y83         LUT6 (Prop_lut6_I5_O)        0.332     3.642 r  dc/blue_bram_inst_i_8/O
                         net (fo=23, routed)          1.116     4.758    dc/blue_bram_inst_i_8_n_0
    SLICE_X55Y83         LUT3 (Prop_lut3_I0_O)        0.150     4.908 f  dc/bram_address0__25_carry__0_i_1/O
                         net (fo=6, routed)           0.865     5.773    dc/vCount_reg[6]_3[0]
    SLICE_X57Y82         LUT1 (Prop_lut1_I0_O)        0.332     6.105 r  dc/bram_address0__25_carry_i_4/O
                         net (fo=1, routed)           0.000     6.105    bc/bram_address0__54_carry_i_3_1[1]
    SLICE_X57Y82         CARRY4 (Prop_carry4_S[1]_CO[3])
                                                      0.550     6.655 r  bc/bram_address0__25_carry/CO[3]
                         net (fo=1, routed)           0.000     6.655    bc/bram_address0__25_carry_n_0
    SLICE_X57Y83         CARRY4 (Prop_carry4_CI_CO[3])
                                                      0.114     6.769 r  bc/bram_address0__25_carry__0/CO[3]
                         net (fo=1, routed)           0.000     6.769    bc/bram_address0__25_carry__0_n_0
    SLICE_X57Y84         CARRY4 (Prop_carry4_CI_O[0])
                                                      0.222     6.991 r  bc/bram_address0__25_carry__1/O[0]
                         net (fo=2, routed)           0.960     7.951    dc/bram_address0__54_carry__1[0]
    SLICE_X55Y86         LUT3 (Prop_lut3_I2_O)        0.327     8.278 r  dc/bram_address0__54_carry__1_i_3/O
                         net (fo=2, routed)           1.013     9.292    dc/vCount_reg[6]_9[1]
    SLICE_X55Y86         LUT4 (Prop_lut4_I3_O)        0.326     9.618 r  dc/bram_address0__54_carry__1_i_7/O
                         net (fo=1, routed)           0.000     9.618    bc/blue_bram_inst_i_3_1[1]
    SLICE_X55Y86         CARRY4 (Prop_carry4_S[1]_O[3])
                                                      0.640    10.258 r  bc/bram_address0__54_carry__1/O[3]
                         net (fo=1, routed)           0.478    10.735    bc/bram_address0[14]
    SLICE_X56Y84         CARRY4 (Prop_carry4_S[1]_O[2])
                                                      0.884    11.619 f  bc/blue_bram_inst_i_2/O[2]
                         net (fo=39, routed)          4.047    15.666    <hidden>
    SLICE_X72Y52         LUT5 (Prop_lut5_I0_O)        0.329    15.995 r  <hidden>
                         net (fo=1, routed)           0.746    16.741    <hidden>
    RAMB36_X3Y10         RAMB36E1                                     r  <hidden>
  -------------------------------------------------------------------    -------------------

                         (clock ClkPort rise edge)    0.000     0.000 r  
    E3                                                0.000     0.000 r  ClkPort (IN)
                         net (fo=0)                   0.000     0.000    ClkPort
    E3                   IBUF (Prop_ibuf_I_O)         1.411     1.411 r  ClkPort_IBUF_inst/O
                         net (fo=1, routed)           1.920     3.331    ClkPort_IBUF
    BUFGCTRL_X0Y16       BUFG (Prop_bufg_I_O)         0.091     3.422 r  ClkPort_IBUF_BUFG_inst/O
                         net (fo=275, routed)         1.640     5.062    <hidden>
    RAMB36_X3Y10         RAMB36E1                                     r  <hidden>

Slack:                    inf
  Source:                 dc/vCount_reg[2]/C
                            (rising edge-triggered cell FDRE)
  Destination:            <hidden>
                            (rising edge-triggered cell RAMB36E1 clocked by ClkPort  {rise@0.000ns fall@5.000ns period=10.000ns})
  Path Group:             (none)
  Path Type:              Setup (Max at Slow Process Corner)
  Data Path Delay:        16.727ns  (logic 4.927ns (29.456%)  route 11.800ns (70.544%))
  Logic Levels:           14  (CARRY4=5 FDRE=1 LUT1=1 LUT3=2 LUT4=1 LUT5=3 LUT6=1)
  Clock Uncertainty:      0.025ns  ((TSJ^2 + TIJ^2)^1/2 + DJ) / 2 + PE
    Total System Jitter     (TSJ):    0.050ns
    Total Input Jitter      (TIJ):    0.000ns
    Discrete Jitter          (DJ):    0.000ns
    Phase Error              (PE):    0.000ns

    Location             Delay type                Incr(ns)  Path(ns)    Netlist Resource(s)
  -------------------------------------------------------------------    -------------------
    SLICE_X59Y85         FDRE                         0.000     0.000 r  dc/vCount_reg[2]/C
    SLICE_X59Y85         FDRE (Prop_fdre_C_Q)         0.456     0.456 f  dc/vCount_reg[2]/Q
                         net (fo=38, routed)          1.241     1.697    dc/vc[2]
    SLICE_X59Y85         LUT5 (Prop_lut5_I0_O)        0.152     1.849 r  dc/bram_address0_carry__1_i_5/O
                         net (fo=6, routed)           0.464     2.313    dc/bram_address0_carry__1_i_5_n_0
    SLICE_X59Y83         LUT5 (Prop_lut5_I1_O)        0.325     2.638 r  dc/blue_bram_inst_i_20/O
                         net (fo=2, routed)           0.672     3.310    dc/blue_bram_inst_i_20_n_0
    SLICE_X58Y83         LUT6 (Prop_lut6_I5_O)        0.332     3.642 r  dc/blue_bram_inst_i_8/O
                         net (fo=23, routed)          1.116     4.758    dc/blue_bram_inst_i_8_n_0
    SLICE_X55Y83         LUT3 (Prop_lut3_I0_O)        0.150     4.908 f  dc/bram_address0__25_carry__0_i_1/O
                         net (fo=6, routed)           0.865     5.773    dc/vCount_reg[6]_3[0]
    SLICE_X57Y82         LUT1 (Prop_lut1_I0_O)        0.332     6.105 r  dc/bram_address0__25_carry_i_4/O
                         net (fo=1, routed)           0.000     6.105    bc/bram_address0__54_carry_i_3_1[1]
    SLICE_X57Y82         CARRY4 (Prop_carry4_S[1]_CO[3])
                                                      0.550     6.655 r  bc/bram_address0__25_carry/CO[3]
                         net (fo=1, routed)           0.000     6.655    bc/bram_address0__25_carry_n_0
    SLICE_X57Y83         CARRY4 (Prop_carry4_CI_CO[3])
                                                      0.114     6.769 r  bc/bram_address0__25_carry__0/CO[3]
                         net (fo=1, routed)           0.000     6.769    bc/bram_address0__25_carry__0_n_0
    SLICE_X57Y84         CARRY4 (Prop_carry4_CI_O[0])
                                                      0.222     6.991 r  bc/bram_address0__25_carry__1/O[0]
                         net (fo=2, routed)           0.960     7.951    dc/bram_address0__54_carry__1[0]
    SLICE_X55Y86         LUT3 (Prop_lut3_I2_O)        0.327     8.278 r  dc/bram_address0__54_carry__1_i_3/O
                         net (fo=2, routed)           1.013     9.292    dc/vCount_reg[6]_9[1]
    SLICE_X55Y86         LUT4 (Prop_lut4_I3_O)        0.326     9.618 r  dc/bram_address0__54_carry__1_i_7/O
                         net (fo=1, routed)           0.000     9.618    bc/blue_bram_inst_i_3_1[1]
    SLICE_X55Y86         CARRY4 (Prop_carry4_S[1]_O[2])
                                                      0.580    10.198 r  bc/bram_address0__54_carry__1/O[2]
                         net (fo=1, routed)           0.468    10.666    bc/bram_address0[13]
    SLICE_X56Y84         CARRY4 (Prop_carry4_S[0]_O[1])
                                                      0.729    11.395 f  bc/blue_bram_inst_i_2/O[1]
                         net (fo=45, routed)          4.293    15.688    <hidden>
    SLICE_X8Y39          LUT5 (Prop_lut5_I1_O)        0.332    16.020 r  <hidden>
                         net (fo=1, routed)           0.707    16.727    <hidden>
    RAMB36_X0Y6          RAMB36E1                                     r  <hidden>
  -------------------------------------------------------------------    -------------------

                         (clock ClkPort rise edge)    0.000     0.000 r  
    E3                                                0.000     0.000 r  ClkPort (IN)
                         net (fo=0)                   0.000     0.000    ClkPort
    E3                   IBUF (Prop_ibuf_I_O)         1.411     1.411 r  ClkPort_IBUF_inst/O
                         net (fo=1, routed)           1.920     3.331    ClkPort_IBUF
    BUFGCTRL_X0Y16       BUFG (Prop_bufg_I_O)         0.091     3.422 r  ClkPort_IBUF_BUFG_inst/O
                         net (fo=275, routed)         1.727     5.150    <hidden>
    RAMB36_X0Y6          RAMB36E1                                     r  <hidden>

Slack:                    inf
  Source:                 dc/vCount_reg[2]/C
                            (rising edge-triggered cell FDRE)
  Destination:            <hidden>
                            (rising edge-triggered cell RAMB36E1 clocked by ClkPort  {rise@0.000ns fall@5.000ns period=10.000ns})
  Path Group:             (none)
  Path Type:              Setup (Max at Slow Process Corner)
  Data Path Delay:        16.671ns  (logic 4.719ns (28.307%)  route 11.952ns (71.693%))
  Logic Levels:           15  (CARRY4=6 FDRE=1 LUT1=1 LUT3=2 LUT4=1 LUT5=3 LUT6=1)
  Clock Uncertainty:      0.025ns  ((TSJ^2 + TIJ^2)^1/2 + DJ) / 2 + PE
    Total System Jitter     (TSJ):    0.050ns
    Total Input Jitter      (TIJ):    0.000ns
    Discrete Jitter          (DJ):    0.000ns
    Phase Error              (PE):    0.000ns

    Location             Delay type                Incr(ns)  Path(ns)    Netlist Resource(s)
  -------------------------------------------------------------------    -------------------
    SLICE_X59Y85         FDRE                         0.000     0.000 r  dc/vCount_reg[2]/C
    SLICE_X59Y85         FDRE (Prop_fdre_C_Q)         0.456     0.456 f  dc/vCount_reg[2]/Q
                         net (fo=38, routed)          1.241     1.697    dc/vc[2]
    SLICE_X59Y85         LUT5 (Prop_lut5_I0_O)        0.152     1.849 r  dc/bram_address0_carry__1_i_5/O
                         net (fo=6, routed)           0.464     2.313    dc/bram_address0_carry__1_i_5_n_0
    SLICE_X59Y83         LUT5 (Prop_lut5_I1_O)        0.325     2.638 r  dc/blue_bram_inst_i_20/O
                         net (fo=2, routed)           0.672     3.310    dc/blue_bram_inst_i_20_n_0
    SLICE_X58Y83         LUT6 (Prop_lut6_I5_O)        0.332     3.642 r  dc/blue_bram_inst_i_8/O
                         net (fo=23, routed)          1.116     4.758    dc/blue_bram_inst_i_8_n_0
    SLICE_X55Y83         LUT3 (Prop_lut3_I0_O)        0.150     4.908 f  dc/bram_address0__25_carry__0_i_1/O
                         net (fo=6, routed)           0.865     5.773    dc/vCount_reg[6]_3[0]
    SLICE_X57Y82         LUT1 (Prop_lut1_I0_O)        0.332     6.105 r  dc/bram_address0__25_carry_i_4/O
                         net (fo=1, routed)           0.000     6.105    bc/bram_address0__54_carry_i_3_1[1]
    SLICE_X57Y82         CARRY4 (Prop_carry4_S[1]_CO[3])
                                                      0.550     6.655 r  bc/bram_address0__25_carry/CO[3]
                         net (fo=1, routed)           0.000     6.655    bc/bram_address0__25_carry_n_0
    SLICE_X57Y83         CARRY4 (Prop_carry4_CI_CO[3])
                                                      0.114     6.769 r  bc/bram_address0__25_carry__0/CO[3]
                         net (fo=1, routed)           0.000     6.769    bc/bram_address0__25_carry__0_n_0
    SLICE_X57Y84         CARRY4 (Prop_carry4_CI_O[0])
                                                      0.222     6.991 r  bc/bram_address0__25_carry__1/O[0]
                         net (fo=2, routed)           0.960     7.951    dc/bram_address0__54_carry__1[0]
    SLICE_X55Y86         LUT3 (Prop_lut3_I2_O)        0.327     8.278 r  dc/bram_address0__54_carry__1_i_3/O
                         net (fo=2, routed)           1.013     9.292    dc/vCount_reg[6]_9[1]
    SLICE_X55Y86         LUT4 (Prop_lut4_I3_O)        0.326     9.618 r  dc/bram_address0__54_carry__1_i_7/O
                         net (fo=1, routed)           0.000     9.618    bc/blue_bram_inst_i_3_1[1]
    SLICE_X55Y86         CARRY4 (Prop_carry4_S[1]_O[1])
                                                      0.227     9.845 r  bc/bram_address0__54_carry__1/O[1]
                         net (fo=1, routed)           0.477    10.322    bc/bram_address0[12]
    SLICE_X56Y83         CARRY4 (Prop_carry4_S[3]_CO[3])
                                                      0.679    11.001 r  bc/blue_bram_inst_i_3/CO[3]
                         net (fo=1, routed)           0.000    11.001    bc/blue_bram_inst_i_3_n_0
    SLICE_X56Y84         CARRY4 (Prop_carry4_CI_O[0])
                                                      0.232    11.233 f  bc/blue_bram_inst_i_2/O[0]
                         net (fo=45, routed)          4.392    15.625    <hidden>
    SLICE_X62Y57         LUT5 (Prop_lut5_I2_O)        0.295    15.920 r  <hidden>
                         net (fo=1, routed)           0.751    16.671    <hidden>
    RAMB36_X2Y11         RAMB36E1                                     r  <hidden>
  -------------------------------------------------------------------    -------------------

                         (clock ClkPort rise edge)    0.000     0.000 r  
    E3                                                0.000     0.000 r  ClkPort (IN)
                         net (fo=0)                   0.000     0.000    ClkPort
    E3                   IBUF (Prop_ibuf_I_O)         1.411     1.411 r  ClkPort_IBUF_inst/O
                         net (fo=1, routed)           1.920     3.331    ClkPort_IBUF
    BUFGCTRL_X0Y16       BUFG (Prop_bufg_I_O)         0.091     3.422 r  ClkPort_IBUF_BUFG_inst/O
                         net (fo=275, routed)         1.630     5.052    <hidden>
    RAMB36_X2Y11         RAMB36E1                                     r  <hidden>





Min Delay Paths
--------------------------------------------------------------------------------------
Slack:                    inf
  Source:                 dc/hCount_reg[5]/C
                            (rising edge-triggered cell FDRE)
  Destination:            <hidden>
                            (rising edge-triggered cell FDRE clocked by ClkPort  {rise@0.000ns fall@5.000ns period=10.000ns})
  Path Group:             (none)
  Path Type:              Hold (Min at Fast Process Corner)
  Data Path Delay:        0.526ns  (logic 0.426ns (81.048%)  route 0.100ns (18.952%))
  Logic Levels:           5  (CARRY4=3 FDRE=1 LUT5=1)
  Clock Uncertainty:      0.025ns  ((TSJ^2 + TIJ^2)^1/2 + DJ) / 2 + PE
    Total System Jitter     (TSJ):    0.050ns
    Total Input Jitter      (TIJ):    0.000ns
    Discrete Jitter          (DJ):    0.000ns
    Phase Error              (PE):    0.000ns

    Location             Delay type                Incr(ns)  Path(ns)    Netlist Resource(s)
  -------------------------------------------------------------------    -------------------
    SLICE_X57Y81         FDRE                         0.000     0.000 r  dc/hCount_reg[5]/C
    SLICE_X57Y81         FDRE (Prop_fdre_C_Q)         0.141     0.141 r  dc/hCount_reg[5]/Q
                         net (fo=16, routed)          0.100     0.241    bc/blue_bram_inst_i_4_2[5]
    SLICE_X56Y81         LUT5 (Prop_lut5_I1_O)        0.045     0.286 r  bc/blue_bram_inst_i_12/O
                         net (fo=1, routed)           0.000     0.286    bc/blue_bram_inst_i_12_n_0
    SLICE_X56Y81         CARRY4 (Prop_carry4_S[3]_CO[3])
                                                      0.109     0.395 r  bc/blue_bram_inst_i_5/CO[3]
                         net (fo=1, routed)           0.000     0.395    bc/blue_bram_inst_i_5_n_0
    SLICE_X56Y82         CARRY4 (Prop_carry4_CI_CO[3])
                                                      0.040     0.435 r  bc/blue_bram_inst_i_4/CO[3]
                         net (fo=1, routed)           0.000     0.435    bc/blue_bram_inst_i_4_n_0
    SLICE_X56Y83         CARRY4 (Prop_carry4_CI_O[3])
                                                      0.091     0.526 r  bc/blue_bram_inst_i_3/O[3]
                         net (fo=45, routed)          0.000     0.526    <hidden>
    SLICE_X56Y83         FDRE                                         r  <hidden>
  -------------------------------------------------------------------    -------------------

                         (clock ClkPort rise edge)    0.000     0.000 r  
    E3                                                0.000     0.000 r  ClkPort (IN)
                         net (fo=0)                   0.000     0.000    ClkPort
    E3                   IBUF (Prop_ibuf_I_O)         0.438     0.438 r  ClkPort_IBUF_inst/O
                         net (fo=1, routed)           0.699     1.136    ClkPort_IBUF
    BUFGCTRL_X0Y16       BUFG (Prop_bufg_I_O)         0.029     1.165 r  ClkPort_IBUF_BUFG_inst/O
                         net (fo=275, routed)         0.828     1.993    <hidden>
    SLICE_X56Y83         FDRE                                         r  <hidden>

Slack:                    inf
  Source:                 dc/hCount_reg[5]/C
                            (rising edge-triggered cell FDRE)
  Destination:            <hidden>
                            (rising edge-triggered cell FDRE clocked by ClkPort  {rise@0.000ns fall@5.000ns period=10.000ns})
  Path Group:             (none)
  Path Type:              Hold (Min at Fast Process Corner)
  Data Path Delay:        0.528ns  (logic 0.428ns (81.120%)  route 0.100ns (18.880%))
  Logic Levels:           6  (CARRY4=4 FDRE=1 LUT5=1)
  Clock Uncertainty:      0.025ns  ((TSJ^2 + TIJ^2)^1/2 + DJ) / 2 + PE
    Total System Jitter     (TSJ):    0.050ns
    Total Input Jitter      (TIJ):    0.000ns
    Discrete Jitter          (DJ):    0.000ns
    Phase Error              (PE):    0.000ns

    Location             Delay type                Incr(ns)  Path(ns)    Netlist Resource(s)
  -------------------------------------------------------------------    -------------------
    SLICE_X57Y81         FDRE                         0.000     0.000 r  dc/hCount_reg[5]/C
    SLICE_X57Y81         FDRE (Prop_fdre_C_Q)         0.141     0.141 r  dc/hCount_reg[5]/Q
                         net (fo=16, routed)          0.100     0.241    bc/blue_bram_inst_i_4_2[5]
    SLICE_X56Y81         LUT5 (Prop_lut5_I1_O)        0.045     0.286 r  bc/blue_bram_inst_i_12/O
                         net (fo=1, routed)           0.000     0.286    bc/blue_bram_inst_i_12_n_0
    SLICE_X56Y81         CARRY4 (Prop_carry4_S[3]_CO[3])
                                                      0.109     0.395 r  bc/blue_bram_inst_i_5/CO[3]
                         net (fo=1, routed)           0.000     0.395    bc/blue_bram_inst_i_5_n_0
    SLICE_X56Y82         CARRY4 (Prop_carry4_CI_CO[3])
                                                      0.040     0.435 r  bc/blue_bram_inst_i_4/CO[3]
                         net (fo=1, routed)           0.000     0.435    bc/blue_bram_inst_i_4_n_0
    SLICE_X56Y83         CARRY4 (Prop_carry4_CI_CO[3])
                                                      0.040     0.475 r  bc/blue_bram_inst_i_3/CO[3]
                         net (fo=1, routed)           0.000     0.475    bc/blue_bram_inst_i_3_n_0
    SLICE_X56Y84         CARRY4 (Prop_carry4_CI_O[0])
                                                      0.053     0.528 r  bc/blue_bram_inst_i_2/O[0]
                         net (fo=45, routed)          0.000     0.528    <hidden>
    SLICE_X56Y84         FDRE                                         r  <hidden>
  -------------------------------------------------------------------    -------------------

                         (clock ClkPort rise edge)    0.000     0.000 r  
    E3                                                0.000     0.000 r  ClkPort (IN)
                         net (fo=0)                   0.000     0.000    ClkPort
    E3                   IBUF (Prop_ibuf_I_O)         0.438     0.438 r  ClkPort_IBUF_inst/O
                         net (fo=1, routed)           0.699     1.136    ClkPort_IBUF
    BUFGCTRL_X0Y16       BUFG (Prop_bufg_I_O)         0.029     1.165 r  ClkPort_IBUF_BUFG_inst/O
                         net (fo=275, routed)         0.829     1.994    <hidden>
    SLICE_X56Y84         FDRE                                         r  <hidden>

Slack:                    inf
  Source:                 dc/hCount_reg[5]/C
                            (rising edge-triggered cell FDRE)
  Destination:            <hidden>
                            (rising edge-triggered cell FDRE clocked by ClkPort  {rise@0.000ns fall@5.000ns period=10.000ns})
  Path Group:             (none)
  Path Type:              Hold (Min at Fast Process Corner)
  Data Path Delay:        0.541ns  (logic 0.441ns (81.574%)  route 0.100ns (18.426%))
  Logic Levels:           6  (CARRY4=4 FDRE=1 LUT5=1)
  Clock Uncertainty:      0.025ns  ((TSJ^2 + TIJ^2)^1/2 + DJ) / 2 + PE
    Total System Jitter     (TSJ):    0.050ns
    Total Input Jitter      (TIJ):    0.000ns
    Discrete Jitter          (DJ):    0.000ns
    Phase Error              (PE):    0.000ns

    Location             Delay type                Incr(ns)  Path(ns)    Netlist Resource(s)
  -------------------------------------------------------------------    -------------------
    SLICE_X57Y81         FDRE                         0.000     0.000 r  dc/hCount_reg[5]/C
    SLICE_X57Y81         FDRE (Prop_fdre_C_Q)         0.141     0.141 r  dc/hCount_reg[5]/Q
                         net (fo=16, routed)          0.100     0.241    bc/blue_bram_inst_i_4_2[5]
    SLICE_X56Y81         LUT5 (Prop_lut5_I1_O)        0.045     0.286 r  bc/blue_bram_inst_i_12/O
                         net (fo=1, routed)           0.000     0.286    bc/blue_bram_inst_i_12_n_0
    SLICE_X56Y81         CARRY4 (Prop_carry4_S[3]_CO[3])
                                                      0.109     0.395 r  bc/blue_bram_inst_i_5/CO[3]
                         net (fo=1, routed)           0.000     0.395    bc/blue_bram_inst_i_5_n_0
    SLICE_X56Y82         CARRY4 (Prop_carry4_CI_CO[3])
                                                      0.040     0.435 r  bc/blue_bram_inst_i_4/CO[3]
                         net (fo=1, routed)           0.000     0.435    bc/blue_bram_inst_i_4_n_0
    SLICE_X56Y83         CARRY4 (Prop_carry4_CI_CO[3])
                                                      0.040     0.475 r  bc/blue_bram_inst_i_3/CO[3]
                         net (fo=1, routed)           0.000     0.475    bc/blue_bram_inst_i_3_n_0
    SLICE_X56Y84         CARRY4 (Prop_carry4_CI_O[2])
                                                      0.066     0.541 r  bc/blue_bram_inst_i_2/O[2]
                         net (fo=39, routed)          0.000     0.541    <hidden>
    SLICE_X56Y84         FDRE                                         r  <hidden>
  -------------------------------------------------------------------    -------------------

                         (clock ClkPort rise edge)    0.000     0.000 r  
    E3                                                0.000     0.000 r  ClkPort (IN)
                         net (fo=0)                   0.000     0.000    ClkPort
    E3                   IBUF (Prop_ibuf_I_O)         0.438     0.438 r  ClkPort_IBUF_inst/O
                         net (fo=1, routed)           0.699     1.136    ClkPort_IBUF
    BUFGCTRL_X0Y16       BUFG (Prop_bufg_I_O)         0.029     1.165 r  ClkPort_IBUF_BUFG_inst/O
                         net (fo=275, routed)         0.829     1.994    <hidden>
    SLICE_X56Y84         FDRE                                         r  <hidden>

Slack:                    inf
  Source:                 dc/hCount_reg[5]/C
                            (rising edge-triggered cell FDRE)
  Destination:            <hidden>
                            (rising edge-triggered cell FDRE clocked by ClkPort  {rise@0.000ns fall@5.000ns period=10.000ns})
  Path Group:             (none)
  Path Type:              Hold (Min at Fast Process Corner)
  Data Path Delay:        0.564ns  (logic 0.464ns (82.326%)  route 0.100ns (17.674%))
  Logic Levels:           6  (CARRY4=4 FDRE=1 LUT5=1)
  Clock Uncertainty:      0.025ns  ((TSJ^2 + TIJ^2)^1/2 + DJ) / 2 + PE
    Total System Jitter     (TSJ):    0.050ns
    Total Input Jitter      (TIJ):    0.000ns
    Discrete Jitter          (DJ):    0.000ns
    Phase Error              (PE):    0.000ns

    Location             Delay type                Incr(ns)  Path(ns)    Netlist Resource(s)
  -------------------------------------------------------------------    -------------------
    SLICE_X57Y81         FDRE                         0.000     0.000 r  dc/hCount_reg[5]/C
    SLICE_X57Y81         FDRE (Prop_fdre_C_Q)         0.141     0.141 r  dc/hCount_reg[5]/Q
                         net (fo=16, routed)          0.100     0.241    bc/blue_bram_inst_i_4_2[5]
    SLICE_X56Y81         LUT5 (Prop_lut5_I1_O)        0.045     0.286 r  bc/blue_bram_inst_i_12/O
                         net (fo=1, routed)           0.000     0.286    bc/blue_bram_inst_i_12_n_0
    SLICE_X56Y81         CARRY4 (Prop_carry4_S[3]_CO[3])
                                                      0.109     0.395 r  bc/blue_bram_inst_i_5/CO[3]
                         net (fo=1, routed)           0.000     0.395    bc/blue_bram_inst_i_5_n_0
    SLICE_X56Y82         CARRY4 (Prop_carry4_CI_CO[3])
                                                      0.040     0.435 r  bc/blue_bram_inst_i_4/CO[3]
                         net (fo=1, routed)           0.000     0.435    bc/blue_bram_inst_i_4_n_0
    SLICE_X56Y83         CARRY4 (Prop_carry4_CI_CO[3])
                                                      0.040     0.475 r  bc/blue_bram_inst_i_3/CO[3]
                         net (fo=1, routed)           0.000     0.475    bc/blue_bram_inst_i_3_n_0
    SLICE_X56Y84         CARRY4 (Prop_carry4_CI_O[1])
                                                      0.089     0.564 r  bc/blue_bram_inst_i_2/O[1]
                         net (fo=45, routed)          0.000     0.564    <hidden>
    SLICE_X56Y84         FDRE                                         r  <hidden>
  -------------------------------------------------------------------    -------------------

                         (clock ClkPort rise edge)    0.000     0.000 r  
    E3                                                0.000     0.000 r  ClkPort (IN)
                         net (fo=0)                   0.000     0.000    ClkPort
    E3                   IBUF (Prop_ibuf_I_O)         0.438     0.438 r  ClkPort_IBUF_inst/O
                         net (fo=1, routed)           0.699     1.136    ClkPort_IBUF
    BUFGCTRL_X0Y16       BUFG (Prop_bufg_I_O)         0.029     1.165 r  ClkPort_IBUF_BUFG_inst/O
                         net (fo=275, routed)         0.829     1.994    <hidden>
    SLICE_X56Y84         FDRE                                         r  <hidden>

Slack:                    inf
  Source:                 dc/hCount_reg[5]/C
                            (rising edge-triggered cell FDRE)
  Destination:            <hidden>
                            (rising edge-triggered cell RAMB36E1 clocked by ClkPort  {rise@0.000ns fall@5.000ns period=10.000ns})
  Path Group:             (none)
  Path Type:              Hold (Min at Fast Process Corner)
  Data Path Delay:        0.766ns  (logic 0.250ns (32.643%)  route 0.516ns (67.357%))
  Logic Levels:           3  (CARRY4=1 FDRE=1 LUT5=1)
  Clock Uncertainty:      0.025ns  ((TSJ^2 + TIJ^2)^1/2 + DJ) / 2 + PE
    Total System Jitter     (TSJ):    0.050ns
    Total Input Jitter      (TIJ):    0.000ns
    Discrete Jitter          (DJ):    0.000ns
    Phase Error              (PE):    0.000ns

    Location             Delay type                Incr(ns)  Path(ns)    Netlist Resource(s)
  -------------------------------------------------------------------    -------------------
    SLICE_X57Y81         FDRE                         0.000     0.000 r  dc/hCount_reg[5]/C
    SLICE_X57Y81         FDRE (Prop_fdre_C_Q)         0.141     0.141 r  dc/hCount_reg[5]/Q
                         net (fo=16, routed)          0.100     0.241    bc/blue_bram_inst_i_4_2[5]
    SLICE_X56Y81         LUT5 (Prop_lut5_I1_O)        0.045     0.286 r  bc/blue_bram_inst_i_12/O
                         net (fo=1, routed)           0.000     0.286    bc/blue_bram_inst_i_12_n_0
    SLICE_X56Y81         CARRY4 (Prop_carry4_S[3]_O[3])
                                                      0.064     0.350 r  bc/blue_bram_inst_i_5/O[3]
                         net (fo=42, routed)          0.416     0.766    <hidden>
    RAMB36_X1Y16         RAMB36E1                                     r  <hidden>
  -------------------------------------------------------------------    -------------------

                         (clock ClkPort rise edge)    0.000     0.000 r  
    E3                                                0.000     0.000 r  ClkPort (IN)
                         net (fo=0)                   0.000     0.000    ClkPort
    E3                   IBUF (Prop_ibuf_I_O)         0.438     0.438 r  ClkPort_IBUF_inst/O
                         net (fo=1, routed)           0.699     1.136    ClkPort_IBUF
    BUFGCTRL_X0Y16       BUFG (Prop_bufg_I_O)         0.029     1.165 r  ClkPort_IBUF_BUFG_inst/O
                         net (fo=275, routed)         0.874     2.039    <hidden>
    RAMB36_X1Y16         RAMB36E1                                     r  <hidden>

Slack:                    inf
  Source:                 dc/hCount_reg[5]/C
                            (rising edge-triggered cell FDRE)
  Destination:            <hidden>
                            (rising edge-triggered cell RAMB36E1 clocked by ClkPort  {rise@0.000ns fall@5.000ns period=10.000ns})
  Path Group:             (none)
  Path Type:              Hold (Min at Fast Process Corner)
  Data Path Delay:        0.813ns  (logic 0.348ns (42.815%)  route 0.465ns (57.185%))
  Logic Levels:           4  (CARRY4=2 FDRE=1 LUT5=1)
  Clock Uncertainty:      0.025ns  ((TSJ^2 + TIJ^2)^1/2 + DJ) / 2 + PE
    Total System Jitter     (TSJ):    0.050ns
    Total Input Jitter      (TIJ):    0.000ns
    Discrete Jitter          (DJ):    0.000ns
    Phase Error              (PE):    0.000ns

    Location             Delay type                Incr(ns)  Path(ns)    Netlist Resource(s)
  -------------------------------------------------------------------    -------------------
    SLICE_X57Y81         FDRE                         0.000     0.000 r  dc/hCount_reg[5]/C
    SLICE_X57Y81         FDRE (Prop_fdre_C_Q)         0.141     0.141 r  dc/hCount_reg[5]/Q
                         net (fo=16, routed)          0.100     0.241    bc/blue_bram_inst_i_4_2[5]
    SLICE_X56Y81         LUT5 (Prop_lut5_I1_O)        0.045     0.286 r  bc/blue_bram_inst_i_12/O
                         net (fo=1, routed)           0.000     0.286    bc/blue_bram_inst_i_12_n_0
    SLICE_X56Y81         CARRY4 (Prop_carry4_S[3]_CO[3])
                                                      0.109     0.395 r  bc/blue_bram_inst_i_5/CO[3]
                         net (fo=1, routed)           0.000     0.395    bc/blue_bram_inst_i_5_n_0
    SLICE_X56Y82         CARRY4 (Prop_carry4_CI_O[0])
                                                      0.053     0.448 r  bc/blue_bram_inst_i_4/O[0]
                         net (fo=42, routed)          0.365     0.813    <hidden>
    RAMB36_X1Y16         RAMB36E1                                     r  <hidden>
  -------------------------------------------------------------------    -------------------

                         (clock ClkPort rise edge)    0.000     0.000 r  
    E3                                                0.000     0.000 r  ClkPort (IN)
                         net (fo=0)                   0.000     0.000    ClkPort
    E3                   IBUF (Prop_ibuf_I_O)         0.438     0.438 r  ClkPort_IBUF_inst/O
                         net (fo=1, routed)           0.699     1.136    ClkPort_IBUF
    BUFGCTRL_X0Y16       BUFG (Prop_bufg_I_O)         0.029     1.165 r  ClkPort_IBUF_BUFG_inst/O
                         net (fo=275, routed)         0.874     2.039    <hidden>
    RAMB36_X1Y16         RAMB36E1                                     r  <hidden>

Slack:                    inf
  Source:                 dc/hCount_reg[5]/C
                            (rising edge-triggered cell FDRE)
  Destination:            <hidden>
                            (rising edge-triggered cell RAMB36E1 clocked by ClkPort  {rise@0.000ns fall@5.000ns period=10.000ns})
  Path Group:             (none)
  Path Type:              Hold (Min at Fast Process Corner)
  Data Path Delay:        0.872ns  (logic 0.250ns (28.674%)  route 0.622ns (71.326%))
  Logic Levels:           3  (CARRY4=1 FDRE=1 LUT5=1)
  Clock Uncertainty:      0.025ns  ((TSJ^2 + TIJ^2)^1/2 + DJ) / 2 + PE
    Total System Jitter     (TSJ):    0.050ns
    Total Input Jitter      (TIJ):    0.000ns
    Discrete Jitter          (DJ):    0.000ns
    Phase Error              (PE):    0.000ns

    Location             Delay type                Incr(ns)  Path(ns)    Netlist Resource(s)
  -------------------------------------------------------------------    -------------------
    SLICE_X57Y81         FDRE                         0.000     0.000 r  dc/hCount_reg[5]/C
    SLICE_X57Y81         FDRE (Prop_fdre_C_Q)         0.141     0.141 r  dc/hCount_reg[5]/Q
                         net (fo=16, routed)          0.100     0.241    bc/blue_bram_inst_i_4_2[5]
    SLICE_X56Y81         LUT5 (Prop_lut5_I1_O)        0.045     0.286 r  bc/blue_bram_inst_i_12/O
                         net (fo=1, routed)           0.000     0.286    bc/blue_bram_inst_i_12_n_0
    SLICE_X56Y81         CARRY4 (Prop_carry4_S[3]_O[3])
                                                      0.064     0.350 r  bc/blue_bram_inst_i_5/O[3]
                         net (fo=42, routed)          0.522     0.872    <hidden>
    RAMB36_X1Y15         RAMB36E1                                     r  <hidden>
  -------------------------------------------------------------------    -------------------

                         (clock ClkPort rise edge)    0.000     0.000 r  
    E3                                                0.000     0.000 r  ClkPort (IN)
                         net (fo=0)                   0.000     0.000    ClkPort
    E3                   IBUF (Prop_ibuf_I_O)         0.438     0.438 r  ClkPort_IBUF_inst/O
                         net (fo=1, routed)           0.699     1.136    ClkPort_IBUF
    BUFGCTRL_X0Y16       BUFG (Prop_bufg_I_O)         0.029     1.165 r  ClkPort_IBUF_BUFG_inst/O
                         net (fo=275, routed)         0.869     2.034    <hidden>
    RAMB36_X1Y15         RAMB36E1                                     r  <hidden>

Slack:                    inf
  Source:                 dc/hCount_reg[5]/C
                            (rising edge-triggered cell FDRE)
  Destination:            <hidden>
                            (rising edge-triggered cell RAMB36E1 clocked by ClkPort  {rise@0.000ns fall@5.000ns period=10.000ns})
  Path Group:             (none)
  Path Type:              Hold (Min at Fast Process Corner)
  Data Path Delay:        0.872ns  (logic 0.250ns (28.674%)  route 0.622ns (71.326%))
  Logic Levels:           3  (CARRY4=1 FDRE=1 LUT5=1)
  Clock Uncertainty:      0.025ns  ((TSJ^2 + TIJ^2)^1/2 + DJ) / 2 + PE
    Total System Jitter     (TSJ):    0.050ns
    Total Input Jitter      (TIJ):    0.000ns
    Discrete Jitter          (DJ):    0.000ns
    Phase Error              (PE):    0.000ns

    Location             Delay type                Incr(ns)  Path(ns)    Netlist Resource(s)
  -------------------------------------------------------------------    -------------------
    SLICE_X57Y81         FDRE                         0.000     0.000 r  dc/hCount_reg[5]/C
    SLICE_X57Y81         FDRE (Prop_fdre_C_Q)         0.141     0.141 r  dc/hCount_reg[5]/Q
                         net (fo=16, routed)          0.100     0.241    bc/blue_bram_inst_i_4_2[5]
    SLICE_X56Y81         LUT5 (Prop_lut5_I1_O)        0.045     0.286 r  bc/blue_bram_inst_i_12/O
                         net (fo=1, routed)           0.000     0.286    bc/blue_bram_inst_i_12_n_0
    SLICE_X56Y81         CARRY4 (Prop_carry4_S[3]_O[3])
                                                      0.064     0.350 r  bc/blue_bram_inst_i_5/O[3]
                         net (fo=42, routed)          0.522     0.872    <hidden>
    RAMB36_X1Y17         RAMB36E1                                     r  <hidden>
  -------------------------------------------------------------------    -------------------

                         (clock ClkPort rise edge)    0.000     0.000 r  
    E3                                                0.000     0.000 r  ClkPort (IN)
                         net (fo=0)                   0.000     0.000    ClkPort
    E3                   IBUF (Prop_ibuf_I_O)         0.438     0.438 r  ClkPort_IBUF_inst/O
                         net (fo=1, routed)           0.699     1.136    ClkPort_IBUF
    BUFGCTRL_X0Y16       BUFG (Prop_bufg_I_O)         0.029     1.165 r  ClkPort_IBUF_BUFG_inst/O
                         net (fo=275, routed)         0.879     2.044    <hidden>
    RAMB36_X1Y17         RAMB36E1                                     r  <hidden>

Slack:                    inf
  Source:                 dc/hCount_reg[5]/C
                            (rising edge-triggered cell FDRE)
  Destination:            <hidden>
                            (rising edge-triggered cell RAMB36E1 clocked by ClkPort  {rise@0.000ns fall@5.000ns period=10.000ns})
  Path Group:             (none)
  Path Type:              Hold (Min at Fast Process Corner)
  Data Path Delay:        0.884ns  (logic 0.361ns (40.846%)  route 0.523ns (59.154%))
  Logic Levels:           4  (CARRY4=2 FDRE=1 LUT5=1)
  Clock Uncertainty:      0.025ns  ((TSJ^2 + TIJ^2)^1/2 + DJ) / 2 + PE
    Total System Jitter     (TSJ):    0.050ns
    Total Input Jitter      (TIJ):    0.000ns
    Discrete Jitter          (DJ):    0.000ns
    Phase Error              (PE):    0.000ns

    Location             Delay type                Incr(ns)  Path(ns)    Netlist Resource(s)
  -------------------------------------------------------------------    -------------------
    SLICE_X57Y81         FDRE                         0.000     0.000 r  dc/hCount_reg[5]/C
    SLICE_X57Y81         FDRE (Prop_fdre_C_Q)         0.141     0.141 r  dc/hCount_reg[5]/Q
                         net (fo=16, routed)          0.100     0.241    bc/blue_bram_inst_i_4_2[5]
    SLICE_X56Y81         LUT5 (Prop_lut5_I1_O)        0.045     0.286 r  bc/blue_bram_inst_i_12/O
                         net (fo=1, routed)           0.000     0.286    bc/blue_bram_inst_i_12_n_0
    SLICE_X56Y81         CARRY4 (Prop_carry4_S[3]_CO[3])
                                                      0.109     0.395 r  bc/blue_bram_inst_i_5/CO[3]
                         net (fo=1, routed)           0.000     0.395    bc/blue_bram_inst_i_5_n_0
    SLICE_X56Y82         CARRY4 (Prop_carry4_CI_O[2])
                                                      0.066     0.461 r  bc/blue_bram_inst_i_4/O[2]
                         net (fo=42, routed)          0.423     0.884    <hidden>
    RAMB36_X1Y16         RAMB36E1                                     r  <hidden>
  -------------------------------------------------------------------    -------------------

                         (clock ClkPort rise edge)    0.000     0.000 r  
    E3                                                0.000     0.000 r  ClkPort (IN)
                         net (fo=0)                   0.000     0.000    ClkPort
    E3                   IBUF (Prop_ibuf_I_O)         0.438     0.438 r  ClkPort_IBUF_inst/O
                         net (fo=1, routed)           0.699     1.136    ClkPort_IBUF
    BUFGCTRL_X0Y16       BUFG (Prop_bufg_I_O)         0.029     1.165 r  ClkPort_IBUF_BUFG_inst/O
                         net (fo=275, routed)         0.874     2.039    <hidden>
    RAMB36_X1Y16         RAMB36E1                                     r  <hidden>

Slack:                    inf
  Source:                 dc/hCount_reg[5]/C
                            (rising edge-triggered cell FDRE)
  Destination:            <hidden>
                            (rising edge-triggered cell RAMB36E1 clocked by ClkPort  {rise@0.000ns fall@5.000ns period=10.000ns})
  Path Group:             (none)
  Path Type:              Hold (Min at Fast Process Corner)
  Data Path Delay:        0.902ns  (logic 0.387ns (42.898%)  route 0.515ns (57.102%))
  Logic Levels:           4  (CARRY4=2 FDRE=1 LUT5=1)
  Clock Uncertainty:      0.025ns  ((TSJ^2 + TIJ^2)^1/2 + DJ) / 2 + PE
    Total System Jitter     (TSJ):    0.050ns
    Total Input Jitter      (TIJ):    0.000ns
    Discrete Jitter          (DJ):    0.000ns
    Phase Error              (PE):    0.000ns

    Location             Delay type                Incr(ns)  Path(ns)    Netlist Resource(s)
  -------------------------------------------------------------------    -------------------
    SLICE_X57Y81         FDRE                         0.000     0.000 r  dc/hCount_reg[5]/C
    SLICE_X57Y81         FDRE (Prop_fdre_C_Q)         0.141     0.141 r  dc/hCount_reg[5]/Q
                         net (fo=16, routed)          0.100     0.241    bc/blue_bram_inst_i_4_2[5]
    SLICE_X56Y81         LUT5 (Prop_lut5_I1_O)        0.045     0.286 r  bc/blue_bram_inst_i_12/O
                         net (fo=1, routed)           0.000     0.286    bc/blue_bram_inst_i_12_n_0
    SLICE_X56Y81         CARRY4 (Prop_carry4_S[3]_CO[3])
                                                      0.109     0.395 r  bc/blue_bram_inst_i_5/CO[3]
                         net (fo=1, routed)           0.000     0.395    bc/blue_bram_inst_i_5_n_0
    SLICE_X56Y82         CARRY4 (Prop_carry4_CI_O[3])
                                                      0.092     0.487 r  bc/blue_bram_inst_i_4/O[3]
                         net (fo=42, routed)          0.416     0.902    <hidden>
    RAMB36_X1Y16         RAMB36E1                                     r  <hidden>
  -------------------------------------------------------------------    -------------------

                         (clock ClkPort rise edge)    0.000     0.000 r  
    E3                                                0.000     0.000 r  ClkPort (IN)
                         net (fo=0)                   0.000     0.000    ClkPort
    E3                   IBUF (Prop_ibuf_I_O)         0.438     0.438 r  ClkPort_IBUF_inst/O
                         net (fo=1, routed)           0.699     1.136    ClkPort_IBUF
    BUFGCTRL_X0Y16       BUFG (Prop_bufg_I_O)         0.029     1.165 r  ClkPort_IBUF_BUFG_inst/O
                         net (fo=275, routed)         0.874     2.039    <hidden>
    RAMB36_X1Y16         RAMB36E1                                     r  <hidden>





